indic_bt,nace_r2,s_adj,unit,geo\time	2018 	2017 	2016 	2015 	2014 	2013 	2012 	2011 	2010 	2009 	2008 	2007 	2006 	2005 	2004 	2003 	2002 	2001 	2000 	1999 	1998 	1997 	1996 	1995 	1994 	1993 	1992 
PNUM,F_CC111,NSA,I10,AT	: 	: 	102.7 e	95.9 e	93.7 e	88.1 	88.9 	102.1 	100.0 	90.2 	96.8 	100.8 	103.1 	95.8 	: c	: c	: c	: c	: c	: 	: 	: 	: 	: 	: 	: 	: 
PNUM,F_CC111,NSA,I10,BE	: 	: 	81.5 p	76.7 	89.7 	85.8 	89.6 	85.8 	100.0 	89.3 	98.6 	97.9 	109.1 	113.2 	101.5 	92.1 	86.7 	92.7 	98.5 	110.9 	95.3 	132.7 	130.6 	111.3 s	: 	: 	: 
PNUM,F_CC111,NSA,I10,BG	: 	112.9 	93.2 	89.4 	88.8 	86.6 	90.3 	100.0 	100.0 	127.4 	180.0 	182.5 	169.9 	140.3 	96.7 	60.6 	41.1 	33.8 	25.2 	: 	: 	: 	: 	: 	: 	: 	: 
PNUM,F_CC111,NSA,I10,CY	: 	: 	36.7 	29.7 	29.0 	36.6 	50.1 	67.7 	100.0 	113.1 	113.6 	127.3 	136.9 	138.0 	128.0 	102.8 	74.8 	71.4 	61.7 	: 	: 	: 	: 	: 	: 	: 	: 
PNUM,F_CC111,NSA,I10,CZ	: 	: 	93.9 	82.0 	74.5 	75.0 	87.3 	102.9 	100.0 	113.4 	136.5 	126.8 	126.1 	114.6 	117.1 	114.4 	95.4 	91.7 	94.0 	: 	: 	: 	: 	: 	: 	: 	: 
PNUM,F_CC111,NSA,I10,DE	: 	: 	121.7 	121.3 	112.3 	113.9 	112.6 	119.6 	100.0 	95.2 	94.0 e	100.2 e	153.5 e	154.8 e	171.5 e	197.9 e	174.6 e	174.1 e	200.7 e	241.0 e	231.9 e	210.5 e	189.6 e	171.6 e	199.2 e	: 	: 
PNUM,F_CC111,NSA,I10,DK	: 	117.9 p	131.7 p	112.8 p	82.2 p	69.9 p	71.7 p	94.5 p	100.0 p	60.4 p	113.2 p	179.0 p	257.0 p	228.0 p	186.9 p	171.7 p	165.2 p	136.3 p	115.0 p	123.1 p	135.4 p	: 	: 	: 	: 	: 	: 
PNUM,F_CC111,NSA,I10,EA19	: 	: 	78.6 	74.7 	70.6 	73.4 	84.3 	99.7 	100.0 	98.6 	131.3 	183.3 	222.6 	212.1 	201.8 	192.8 	174.7 s	173.8 s	191.1 s	188.6 s	177.2 s	166.6 s	153.6 s	152.2 s	174.9 s	: 	: 
PNUM,F_CC111,NSA,I10,EE	: 	181.9 	153.1 	132.1 	117.1 	111.3 	91.5 	90.6 	100.0 	119.3 	214.1 	335.9 	390.6 	287.8 	287.6 	170.4 	133.9 	66.4 	54.1 	57.1 	: 	: 	: 	: 	: 	: 	: 
PNUM,F_CC111,NSA,I10,EL	: 	: 	19.7 	20.7 	21.1 	26.8 	42.9 	69.9 	100.0 	118.8 	137.7 	164.7 	175.8 	199.6 	171.1 	175.2 	176.7 	170.8 	146.4 s	139.2 s	167.6 s	166.2 s	161.1 s	138.8 s	: 	: 	: 
PNUM,F_CC111,NSA,I10,ES	: 	: 	60.7 e	53.0 	45.7 	49.2 	63.0 	93.1 	100.0 	113.9 e	219.0 e	437.1 e	565.4 e	513.1 e	464.9 e	426.3 e	367.8 e	369.8 e	406.5 e	377.8 e	328.7 e	280.2 e	233.3 e	244.3 e	: 	: 	: 
PNUM,F_CC111,NSA,I10,EU28	: 	: 	98.5 	92.4 	82.4 	82.6 	86.9 	101.3 	100.0 	95.3 	125.4 	175.2 	204.3 	195.2 	188.5 	181.4 	167.3 s	168.6 s	181.4 s	180.7 s	171.6 s	161.1 s	148.2 s	146.8 s	: 	: 	: 
PNUM,F_CC111,NSA,I10,FI	: 	: 	56.1 	51.4 	57.4 	64.3 	82.7 	95.5 	100.0 	78.8 	91.1 	122.3 	136.6 	138.7 	127.9 	119.0 	100.3 	88.9 	105.4 	109.5 	97.5 	84.9 	62.8 	53.3 	: 	: 	: 
PNUM,F_CC111,NSA,I10,FR	: 	84.8 e	76.3 e	69.2 e	66.5 e	79.3 e	89.8 e	99.9 e	100.0 e	82.5 e	100.4 e	118.3 e	122.9 e	118.6 e	111.6 e	101.3 e	96.0 e	95.6 e	98.2 e	96.7 e	94.3 e	76.4 e	74.0 e	65.4 e	73.7 e	: 	: 
PNUM,F_CC111,NSA,I10,HR	: 	79.5 	60.0 	48.4 	53.1 	58.6 	75.6 	93.8 	100.0 	118.9 	110.9 	107.7 	118.9 	125.4 	110.4 	115.0 	115.3 	113.5 	97.6 	: 	: 	: 	: 	: 	: 	: 	: 
PNUM,F_CC111,NSA,I10,HU	: 	: 	161.1 	88.1 	70.7 	62.5 	85.8 	98.4 	100.0 	165.9 	225.4 	268.6 	292.4 	298.6 	355.0 	400.7 	356.5 	357.3 	394.6 	318.9 s	258.2 s	: 	: 	: 	: 	: 	: 
PNUM,F_CC111,NSA,I10,IE	: 	: 	107.6 	88.3 	57.1 	51.7 	46.4 	78.4 	100.0 	231.1 	412.0 	541.4 	517.1 	651.9 	599.6 	427.5 	440.0 	522.8 	636.2 	549.8 	: 	: 	: 	: 	: 	: 	: 
PNUM,F_CC111,NSA,I10,IT	: 	: 	: c	: c	: c	: c	: c	: c	: c	: c	: c	: c	: c	: c	: c	: c	: c	: c	: c	: c	: c	: c	: c	: c	: 	: 	: 
PNUM,F_CC111,NSA,I10,LT	: 	116.7 	127.2 	112.2 	107.7 	116.2 	93.1 	82.9 	100.0 	103.7 e	135.7 e	146.1 e	127.6 e	97.3 e	71.3 e	52.1 e	42.3 	35.6 	34.7 	31.8 	: 	: 	: 	: 	: 	: 	: 
PNUM,F_CC111,NSA,I10,LU	: 	: 	99.8 	89.8 	122.8 	106.2 	99.7 	114.1 	100.0 	75.2 	88.8 	109.5 	107.2 	103.0 	84.1 	76.5 	74.8 	76.7 	86.1 	: 	: 	: 	: 	: 	: 	: 	: 
PNUM,F_CC111,NSA,I10,LV	: 	176.9 	120.7 	123.8 	127.6 	124.4 	119.6 	104.9 	100.0 	119.4 e	223.6 e	364.1 e	416.0 e	346.0 e	278.1 e	188.0 e	135.2 e	93.1 e	84.6 e	: 	: 	: 	: 	: 	: 	: 	: 
PNUM,F_CC111,NSA,I10,ME	: 	: 	162.4 	90.4 	146.5 	141.4 	133.8 	78.3 	100.0 	252.9 e	226.8 e	136.3 e	151.6 e	90.4 e	108.3 e	80.9 e	96.8 e	55.4 e	53.5 e	: 	: 	: 	: 	: 	: 	: 	: 
PNUM,F_CC111,NSA,I10,MK	: 	133.9 	125.6 	124.4 	121.4 	90.5 	89.0 	76.0 	100.0 	111.4 	126.7 	: 	: 	: 	: 	: 	: 	: 	: 	: 	: 	: 	: 	: 	: 	: 	: 
PNUM,F_CC111,NSA,I10,MT	: 	: 	168.4 	125.8 	101.1 	90.8 	81.2 	95.9 	100.0 	96.3 	92.1 	154.1 	203.4 	217.8 	203.7 	224.2 	224.4 	185.7 	363.3 	: 	: 	: 	: 	: 	: 	: 	: 
PNUM,F_CC111,NSA,I10,NL	: 	123.3 	96.4 	86.9 	59.2 	32.0 	65.7 	98.1 	100.0 	128.0 	160.1 	165.7 	190.1 	178.5 	172.2 	159.1 	150.2 	138.8 	179.4 	186.1 	191.8 	218.2 	208.9 	219.9 	: 	: 	: 
PNUM,F_CC111,NSA,I10,NO	: 	116.3 	122.8 	111.9 	110.4 	116.8 	118.6 	118.7 	100.0 	111.0 	107.4 	118.9 	126.2 	115.3 	108.0 	89.1 	101.5 	114.2 	126.6 	: 	: 	: 	: 	: 	: 	: 	: 
PNUM,F_CC111,NSA,I10,PL	: 	: 	92.6 	82.3 	73.5 	75.3 	85.3 	96.9 	100.0 	101.8 	114.5 	112.6 	76.6 	61.9 	61.9 	68.6 	43.2 	90.5 	79.2 	: 	: 	: 	: 	: 	: 	: 	: 
PNUM,F_CC111,NSA,I10,PT	: 	61.5 	51.3 	42.9 	38.7 	41.1 	58.3 	82.9 	100.0 	107.6 	150.2 e	184.2 e	199.9 e	206.7 e	208.9 e	241.5 e	251.7 e	259.9 e	267.8 e	277.8 s	252.9 s	227.6 s	208.2 s	207.1 s	: 	: 	: 
PNUM,F_CC111,NSA,I10,RO	: 	90.8 	87.0 	89.6 	87.6 	88.9 	89.1 	93.6 	100.0 	116.3 	142.9 	133.0 	122.1 	104.8 	82.7 	66.2 	73.5 	82.8 	75.4 	: 	: 	: 	: 	: 	: 	: 	: 
PNUM,F_CC111,NSA,I10,RS	: 	: 	108.7 	122.3 	99.2 	101.9 	109.7 	105.9 	100.0 	127.6 	143.0 	140.5 	96.2 e	101.1 e	93.1 e	93.4 e	64.6 e	97.0 e	72.4 e	: 	: 	: 	: 	: 	: 	: 	: 
PNUM,F_CC111,NSA,I10,SE	: 	: 	131.7 p	108.5 p	89.7 p	70.1 p	64.9 p	84.6 p	100.0 p	87.1 p	102.7 p	128.4 p	133.6 p	115.2 p	102.4 p	91.3 p	73.1 p	70.1 p	80.1 p	71.3 s	59.3 s	51.3 s	41.0 s	: 	: 	: 	: 
PNUM,F_CC111,NSA,I10,SI	: 	95.2 p	94.8 	90.0 	85.6 	92.6 	85.2 	91.3 	100.0 	120.0 	135.8 	147.4 	154.2 	139.9 	121.6 	119.4 	106.1 	112.1 	118.5 	137.1 	135.8 	: 	: 	: 	: 	: 	: 
PNUM,F_CC111,NSA,I10,SK	: 	: 	132.1 	114.1 	97.8 	94.0 	95.4 	98.5 	100.0 	113.6 	139.1 	102.2 	83.9 	80.1 	91.0 	72.6 	: 	: 	: 	: 	: 	: 	: 	: 	: 	: 	: 
PNUM,F_CC111,NSA,I10,TR	: 	94.7 	83.7 	86.1 	95.9 	89.6 	75.3 	79.9 	100.0 	76.2 	89.2 	97.2 	115.2 	133.3 	88.4 	60.5 	60.0 	99.0 	98.0 	119.0 	144.2 	161.1 	158.6 	179.5 	194.5 	196.6 	192.4 
PNUM,F_CC111,NSA,I10,UK	: 	: 	187.7 p	177.6 p	141.6 p	134.3 p	107.3 	115.7 	100.0 	77.1 	98.6 	163.0 	158.7 	163.6 	179.8 	182.9 	188.8 	199.3 	202.0 	211.7 	211.0 	: 	: 	: 	: 	: 	: 
PNUM,F_CC111,NSA,I15,AL	1611.1 	1105.6 	666.7 	100.0 e	: 	: 	: 	: 	: 	: 	: 	: 	: 	: 	: 	: 	: 	: 	: 	: 	: 	: 	: 	: 	: 	: 	: 
PNUM,F_CC111,NSA,I15,AT	110.6 e	108.2 e	108.2 e	100.0 p	100.7 p	95.8 	96.3 	110.2 	107.6 	96.9 	104.0 	108.3 	110.8 	102.9 	: c	: c	: c	: c	: c	: 	: 	: 	: 	: 	: 	: 	: 
PNUM,F_CC111,NSA,I15,BA	129.5 	128.8 	115.0 	100.0 	86.7 	95.9 	: 	: 	: 	: 	: 	: 	: 	: 	: 	: 	: 	: 	: 	: 	: 	: 	: 	: 	: 	: 	: 
PNUM,F_CC111,NSA,I15,BE	126.0 p	101.1 p	106.1 p	100.0 	116.9 	111.9 	116.8 	111.8 	130.4 	116.5 	128.5 	127.6 	142.2 	147.5 	132.4 	120.1 	113.1 	120.8 	128.4 	144.6 	124.2 	172.9 	170.3 	145.0 s	: 	: 	: 
PNUM,F_CC111,NSA,I15,BG	126.9 	126.4 	104.3 	100.0 	99.4 	96.9 	101.1 	111.9 	111.9 	142.6 	201.4 	204.3 	190.1 	157.0 	108.3 	67.8 	45.9 	37.8 	28.2 	: 	: 	: 	: 	: 	: 	: 	: 
PNUM,F_CC111,NSA,I15,CY	177.0 	140.8 	123.7 	100.0 	97.8 	123.5 	168.9 	228.2 	337.1 	381.2 	383.1 	429.0 	461.4 	465.1 	431.3 	346.5 	252.0 	240.7 	207.9 	: 	: 	: 	: 	: 	: 	: 	: 
PNUM,F_CC111,NSA,I15,CZ	138.2 	133.7 	114.5 	100.0 	90.8 	91.5 	106.5 	125.4 	121.9 	138.2 	166.4 	154.6 	153.8 	139.7 	142.8 	139.5 	116.3 	111.9 	114.6 	: 	: 	: 	: 	: 	: 	: 	: 
PNUM,F_CC111,NSA,I15,DE	94.3 	95.3 	100.3 	100.0 	92.5 	93.9 	92.8 	98.6 	82.4 	78.5 	77.5 e	82.6 e	126.5 e	127.5 e	141.4 e	163.1 e	143.9 e	143.5 e	165.4 e	198.6 e	191.1 e	173.5 e	156.2 e	141.5 e	164.2 e	: 	: 
PNUM,F_CC111,NSA,I15,DK	129.2 e	120.9 e	121.1 e	100.0 e	71.9 e	61.8 e	63.1 e	83.6 e	88.1 e	53.3 e	99.6 e	158.0 e	226.7 e	201.2 e	165.0 e	151.6 e	145.9 e	120.3 e	101.5 e	108.6 e	119.5 e	: 	: 	: 	: 	: 	: 
PNUM,F_CC111,NSA,I15,EA19	117.4 	115.0 	107.2 	100.0 	94.1 	98.7 	112.5 	131.8 	132.5 	130.3 	171.8 	233.4 	279.3 	269.1 	256.3 	243.8 	222.1 s	222.3 s	244.6 s	243.6 s	229.1 s	213.6 s	196.7 s	191.9 s	: 	: 	: 
PNUM,F_CC111,NSA,I15,EE	125.9 	137.7 	115.9 	100.0 	88.6 	84.3 	69.3 	68.5 	75.7 	90.3 	162.0 	254.3 	295.6 	217.8 	217.7 	128.9 	101.4 	50.3 	41.0 	43.2 	: 	: 	: 	: 	: 	: 	: 
PNUM,F_CC111,NSA,I15,EL	113.0 	109.1 	95.4 	100.0 	102.2 	129.4 	207.3 	338.0 	483.5 	574.3 	665.7 	796.5 	849.8 	965.1 	827.4 	846.9 	854.5 	825.8 	707.6 s	673.2 s	810.4 s	803.5 s	778.8 s	670.9 s	: 	: 	: 
PNUM,F_CC111,NSA,I15,ES	156.7 	142.5 p	114.4 e	100.0 	86.2 	92.8 	118.8 	175.5 	188.6 	214.8 e	413.0 e	824.5 e	1066.4 e	967.8 e	877.0 e	804.1 e	693.9 e	697.6 e	766.7 e	712.6 e	620.1 e	528.5 e	440.1 e	460.8 e	: 	: 	: 
PNUM,F_CC111,NSA,I15,EU28	117.9 	115.9 	108.3 	100.0 	89.9 	91.4 	98.1 	114.0 	113.2 	108.7 	142.2 	193.4 	224.3 	216.1 	208.4 	200.0 	184.0 s	186.4 s	201.3 s	201.3 s	190.9 s	177.8 s	163.5 s	159.5 s	: 	: 	: 
PNUM,F_CC111,NSA,I15,FI	115.2 	116.3 	109.7 	100.0 	111.3 	124.5 	160.2 	184.9 	193.5 	152.4 	176.2 	236.6 	264.4 	268.5 	247.5 	230.4 	194.2 	172.1 	204.0 	211.6 	188.6 	164.1 	121.4 	103.1 	: 	: 	: 
PNUM,F_CC111,NSA,I15,FR	109.6 	118.2 	110.1 	100.0 	95.6 	114.1 	129.1 	143.8 	143.9 	118.7 	144.5 	170.2 	176.7 	170.6 	160.6 	145.6 	138.1 	137.5 	141.2 	139.1 	135.7 	109.9 	106.4 	94.1 	106.1 	: 	: 
PNUM,F_CC111,NSA,I15,HR	170.7 	164.1 	123.9 	100.0 	109.6 	121.1 	156.0 	193.7 	206.4 	245.4 	229.0 	222.4 	245.4 	258.9 	227.8 	237.5 	238.1 	234.3 	201.5 	: 	: 	: 	: 	: 	: 	: 	: 
PNUM,F_CC111,NSA,I15,HU	197.2 	195.6 	182.8 	100.0 	80.2 	70.9 	97.4 	111.7 	113.5 	188.3 	255.9 	304.8 	331.9 	338.9 	402.9 	454.7 	404.6 	405.5 	447.8 	361.9 s	293.0 s	: 	: 	: 	: 	: 	: 
PNUM,F_CC111,NSA,I15,IE	195.3 	150.6 	121.8 	100.0 	64.6 	58.6 	52.6 	88.8 	113.2 	261.6 	466.4 	613.0 	585.4 	738.0 	678.8 	484.0 	498.1 	591.9 	720.3 	622.4 	: 	: 	: 	: 	: 	: 	: 
PNUM,F_CC111,NSA,I15,IT	: c	: c	: c	: c	: c	: c	: c	: c	: c	: c	: c	: c	: c	: c	: c	: c	: c	: c	: c	: c	: c	: c	: c	: c	: 	: 	: 
PNUM,F_CC111,NSA,I15,LT	110.3 	104.7 	114.1 	100.0 	95.4 	104.6 	83.8 	74.6 	90.0 	93.3 e	122.1 e	131.5 e	114.8 e	87.6 e	64.2 e	46.9 e	38.1 	32.0 	31.3 	28.7 	: 	: 	: 	: 	: 	: 	: 
PNUM,F_CC111,NSA,I15,LU	117.8 	123.7 	111.2 	100.0 	136.7 	118.2 	111.0 	127.1 	111.3 	83.7 	98.9 	121.9 	119.3 	114.7 	93.7 	85.1 	83.3 	85.4 	95.9 	: 	: 	: 	: 	: 	: 	: 	: 
PNUM,F_CC111,NSA,I15,LV	138.9 	140.5 	95.9 	100.0 	101.4 	98.8 	95.0 	83.3 	79.4 	94.9 e	177.6 e	289.2 e	330.4 e	274.9 e	220.9 e	149.4 e	107.4 e	74.0 e	67.2 e	: 	: 	: 	: 	: 	: 	: 	: 
PNUM,F_CC111,NSA,I15,ME	38.7 	183.8 	179.6 	100.0 	162.0 	156.3 	147.9 	86.6 	110.6 	279.6 e	250.7 e	150.7 e	167.6 e	100.0 e	119.7 e	89.4 e	107.0 e	61.3 e	59.2 e	: 	: 	: 	: 	: 	: 	: 	: 
PNUM,F_CC111,NSA,I15,MK	84.1 	107.6 	101.0 	100.0 	97.6 	72.8 	71.6 	61.1 	80.4 	89.6 	101.9 	: 	: 	: 	: 	: 	: 	: 	: 	: 	: 	: 	: 	: 	: 	: 	: 
PNUM,F_CC111,NSA,I15,MT	187.9 	146.9 	133.8 	100.0 	80.4 	72.2 	64.5 	76.2 	79.5 	76.5 	73.2 	122.4 	161.6 	173.1 	161.8 	178.1 	178.3 	147.6 	288.7 	: 	: 	: 	: 	: 	: 	: 	: 
PNUM,F_CC111,NSA,I15,NL	145.7 	141.8 	110.9 	100.0 	68.1 	36.8 	75.5 	112.8 	115.0 	147.2 	184.2 	190.6 	218.7 	205.4 	198.1 	183.0 	172.8 	159.7 	206.4 	214.1 	220.6 	251.0 	240.2 	253.0 	: 	: 	: 
PNUM,F_CC111,NSA,I15,NO	95.1 	103.9 	109.7 	100.0 	98.6 	104.3 	106.0 	106.0 	89.3 	99.1 	96.0 	106.2 	112.8 	103.0 	96.5 	79.6 	90.6 	102.0 	113.1 	: 	: 	: 	: 	: 	: 	: 	: 
PNUM,F_CC111,NSA,I15,PL	134.8 	125.2 	112.4 	100.0 	89.3 	91.5 	103.6 	117.7 	121.5 	123.6 	139.1 	136.7 	93.0 	75.2 	75.2 	83.4 	52.5 	109.9 	96.1 	: 	: 	: 	: 	: 	: 	: 	: 
PNUM,F_CC111,NSA,I15,PT	183.4 	143.6 	119.6 	100.0 	90.3 	95.7 	135.9 	193.3 	233.1 	250.9 	350.2 e	429.4 e	465.9 e	481.8 e	486.8 e	562.9 e	586.6 e	605.7 e	624.1 e	647.5 s	589.5 s	530.5 s	485.1 s	482.7 s	: 	: 	: 
PNUM,F_CC111,NSA,I15,RO	106.1 	101.3 	97.2 	100.0 	97.7 	99.3 	99.5 	104.5 	111.6 	129.8 	159.5 	148.4 	136.3 	117.0 	92.3 	73.9 	82.1 	92.5 	84.2 	: 	: 	: 	: 	: 	: 	: 	: 
PNUM,F_CC111,NSA,I15,RS	129.1 	127.6 	88.9 	100.0 	81.1 	83.3 	89.7 	86.6 	81.7 	104.3 	116.9 	114.8 	78.6 e	82.6 e	76.1 e	76.3 e	52.8 e	79.3 e	59.2 e	: 	: 	: 	: 	: 	: 	: 	: 
PNUM,F_CC111,NSA,I15,SE	98.3 	124.9 	123.9 	100.0 p	82.7 p	64.6 p	59.8 p	77.9 p	92.2 p	80.3 p	94.6 p	118.3 p	123.1 p	106.2 p	94.4 p	84.2 p	67.4 p	64.6 p	73.8 p	65.7 s	54.6 s	47.3 s	37.8 s	: 	: 	: 	: 
PNUM,F_CC111,NSA,I15,SI	112.0 	109.0 	105.3 	100.0 	95.1 	102.9 	94.7 	101.5 	111.1 	133.3 	150.9 	163.8 	171.3 	155.4 	135.1 	132.6 	117.9 	124.5 	131.7 	152.4 	150.9 	: 	: 	: 	: 	: 	: 
PNUM,F_CC111,NSA,I15,SK	132.2 	123.5 	115.8 	100.0 	85.8 	82.4 	83.6 	86.3 	87.7 	99.6 	122.0 	89.6 	73.6 	70.2 	79.8 	63.6 	: 	: 	: 	: 	: 	: 	: 	: 	: 	: 	: 
PNUM,F_CC111,NSA,I15,TR	97.1 	115.0 	98.2 	100.0 	111.4 	104.1 	87.4 	92.8 	116.1 	88.4 	103.6 	112.8 	133.7 	154.7 	102.6 	70.2 	69.6 	115.0 	113.8 	138.1 	167.5 	187.1 	184.2 	208.4 	225.8 	228.3 	223.4 
PNUM,F_CC111,NSA,I15,UK	115.5 p	112.4 p	105.7 p	100.0 p	79.7 p	75.7 p	60.4 	65.1 	56.3 	43.4 	55.5 	91.8 	89.4 	92.1 	101.2 	103.0 	106.3 	112.3 	113.7 	119.2 	118.8 	: 	: 	: 	: 	: 	: 
PNUM,F_CC111,NSA,PCH_SM,AL	45.7 	65.8 	566.7 e	: 	: 	: 	: 	: 	: 	: 	: 	: 	: 	: 	: 	: 	: 	: 	: 	: 	: 	: 	: 	: 	: 	: 	: 
PNUM,F_CC111,NSA,PCH_SM,AT	2.2 e	0.0 e	8.2 ep	-0.7 p	5.1 p	-0.5 	-12.6 	2.4 	11.0 	-6.8 	-4.0 	-2.3 	7.7 	: c	: c	: c	: c	: c	: 	: 	: 	: 	: 	: 	: 	: 	: 
PNUM,F_CC111,NSA,PCH_SM,BA	0.5 	12.0 	15.0 	15.3 	-9.6 	: 	: 	: 	: 	: 	: 	: 	: 	: 	: 	: 	: 	: 	: 	: 	: 	: 	: 	: 	: 	: 	: 
PNUM,F_CC111,NSA,PCH_SM,BE	24.6 p	-4.7 p	6.1 p	-14.5 	4.5 	-4.2 	4.5 	-14.3 	11.9 	-9.3 	0.7 	-10.3 	-3.6 	11.4 	10.2 	6.2 	-6.4 	-5.9 	-11.2 	16.4 	-28.2 	1.5 	17.4 s	: 	: 	: 	: 
PNUM,F_CC111,NSA,PCH_SM,BG	0.4 	21.2 	4.3 	0.6 	2.6 	-4.2 	-9.7 	0.0 	-21.5 	-29.2 	-1.4 	7.5 	21.1 	45.0 	59.7 	47.7 	21.4 	34.0 	: 	: 	: 	: 	: 	: 	: 	: 	: 
PNUM,F_CC111,NSA,PCH_SM,CY	25.7 	13.8 	23.7 	2.2 	-20.8 	-26.9 	-26.0 	-32.3 	-11.6 	-0.5 	-10.7 	-7.0 	-0.8 	7.8 	24.5 	37.5 	4.7 	15.8 	: 	: 	: 	: 	: 	: 	: 	: 	: 
PNUM,F_CC111,NSA,PCH_SM,CZ	3.4 	16.8 	14.5 	10.1 	-0.8 	-14.1 	-15.1 	2.9 	-11.8 	-16.9 	7.6 	0.5 	10.1 	-2.2 	2.4 	19.9 	3.9 	-2.4 	: 	: 	: 	: 	: 	: 	: 	: 	: 
PNUM,F_CC111,NSA,PCH_SM,DE	-1.0 	-5.0 	0.3 	8.1 	-1.5 	1.2 	-5.9 	19.7 	5.0 	1.3 e	-6.2 e	-34.7 e	-0.8 e	-9.8 e	-13.3 e	13.3 e	0.3 e	-13.2 e	-16.7 e	3.9 e	10.1 e	11.1 e	10.4 e	-13.8 e	: 	: 	: 
PNUM,F_CC111,NSA,PCH_SM,DK	6.9 e	-0.2 e	21.1 e	39.1 e	16.3 e	-2.1 e	-24.5 e	-5.1 e	65.3 e	-46.5 e	-37.0 e	-30.3 e	12.7 e	21.9 e	8.8 e	3.9 e	21.3 e	18.5 e	-6.5 e	-9.1 e	: 	: 	: 	: 	: 	: 	: 
PNUM,F_CC111,NSA,PCH_SM,EA19	2.1 	7.3 	7.2 	6.3 	-4.7 	-12.3 	-14.6 	-0.5 	1.7 	-24.2 	-26.4 	-16.4 	3.8 	5.0 	5.1 	9.8 s	-0.1 s	-9.1 s	0.4 s	6.3 s	7.3 s	8.6 s	2.5 s	-13.0 s	: 	: 	: 
PNUM,F_CC111,NSA,PCH_SM,EE	-8.6 	18.8 	15.9 	12.9 	5.1 	21.6 	1.2 	-9.5 	-16.2 	-44.3 	-36.3 	-14.0 	35.7 	0.0 	68.9 	27.1 	101.6 	22.7 	-5.1 	: 	: 	: 	: 	: 	: 	: 	: 
PNUM,F_CC111,NSA,PCH_SM,EL	3.6 	14.4 	-4.6 	-2.2 	-21.0 	-37.6 	-38.7 	-30.1 	-15.8 	-13.7 	-16.4 	-6.3 	-11.9 	16.6 	-2.3 	-0.9 	3.5 	16.7 s	5.1 s	-16.9 s	0.9 s	3.2 s	16.1 s	: 	: 	: 	: 
PNUM,F_CC111,NSA,PCH_SM,ES	10.0 p	24.6 ep	14.4 e	16.0 	-7.1 	-21.9 	-32.3 	-6.9 	-12.2 e	-48.0 e	-49.9 e	-22.7 e	10.2 e	10.4 e	9.1 e	15.9 e	-0.5 e	-9.0 e	7.6 e	14.9 e	17.3 e	20.1 e	-4.5 e	: 	: 	: 	: 
PNUM,F_CC111,NSA,PCH_SM,EU28	1.7 	7.0 	8.3 	11.2 	-1.6 	-6.8 	-13.9 	0.7 	4.1 	-23.6 	-26.5 	-13.8 	3.8 	3.7 	4.2 	8.7 s	-1.3 s	-7.4 s	0.0 s	5.4 s	7.4 s	8.7 s	2.5 s	: 	: 	: 	: 
PNUM,F_CC111,NSA,PCH_SM,FI	-0.9 	6.0 	9.7 	-10.2 	-10.6 	-22.3 	-13.4 	-4.4 	27.0 	-13.5 	-25.5 	-10.5 	-1.5 	8.5 	7.4 	18.6 	12.8 	-15.6 	-3.6 	12.2 	14.9 	35.2 	17.7 	: 	: 	: 	: 
PNUM,F_CC111,NSA,PCH_SM,FR	-7.3 	7.4 	10.1 	4.6 	-16.2 	-11.6 	-10.2 	-0.1 	21.2 	-17.9 	-15.1 	-3.7 	3.6 	6.2 	10.3 	5.4 	0.4 	-2.6 	1.5 	2.5 	23.5 	3.3 	13.1 	-11.3 	: 	: 	: 
PNUM,F_CC111,NSA,PCH_SM,HR	4.0 	32.4 	23.9 	-8.8 	-9.5 	-22.4 	-19.5 	-6.2 	-15.9 	7.2 	3.0 	-9.4 	-5.2 	13.7 	-4.1 	-0.3 	1.6 	16.3 	: 	: 	: 	: 	: 	: 	: 	: 	: 
PNUM,F_CC111,NSA,PCH_SM,HU	0.8 	7.0 	82.8 	24.7 	13.1 	-27.2 	-12.8 	-1.6 	-39.7 	-26.4 	-16.0 	-8.2 	-2.1 	-15.9 	-11.4 	12.4 	-0.2 	-9.4 	23.7 s	23.5 s	: 	: 	: 	: 	: 	: 	: 
PNUM,F_CC111,NSA,PCH_SM,IE	29.7 	23.6 	21.8 	54.8 	10.2 	11.4 	-40.8 	-21.6 	-56.7 	-43.9 	-23.9 	4.7 	-20.7 	8.7 	40.2 	-2.8 	-15.8 	-17.8 	15.7 	: 	: 	: 	: 	: 	: 	: 	: 
PNUM,F_CC111,NSA,PCH_SM,IT	: c	: c	: c	: c	: c	: c	: c	: c	: c	: c	: c	: c	: c	: c	: c	: c	: c	: c	: c	: c	: c	: c	: c	: 	: 	: 	: 
PNUM,F_CC111,NSA,PCH_SM,LT	5.3 	-8.2 	14.1 	4.8 	-8.8 	24.8 	12.3 	-17.1 	-3.5 e	-23.6 e	-7.1 e	14.5 e	31.1 e	36.4 e	36.9 e	23.1 e	19.1 	2.2 	9.1 	: 	: 	: 	: 	: 	: 	: 	: 
PNUM,F_CC111,NSA,PCH_SM,LU	-4.8 	11.2 	11.2 	-26.8 	15.7 	6.5 	-12.7 	14.2 	33.0 	-15.4 	-18.9 	2.2 	4.0 	22.4 	10.1 	2.2 	-2.5 	-10.9 	: 	: 	: 	: 	: 	: 	: 	: 	: 
PNUM,F_CC111,NSA,PCH_SM,LV	-1.1 	46.5 	-4.1 	-1.4 	2.6 	4.0 	14.0 	4.9 	-16.3 e	-46.6 e	-38.6 e	-12.5 e	20.2 e	24.4 e	47.9 e	39.1 e	45.1 e	10.1 e	: 	: 	: 	: 	: 	: 	: 	: 	: 
PNUM,F_CC111,NSA,PCH_SM,ME	-78.9 	2.3 	79.6 	-38.3 	3.6 	5.7 	70.8 	-21.7 	-60.4 e	11.5 e	66.4 e	-10.1 e	67.6 e	-16.5 e	33.9 e	-16.4 e	74.6 e	3.5 e	: 	: 	: 	: 	: 	: 	: 	: 	: 
PNUM,F_CC111,NSA,PCH_SM,MK	-21.8 	6.5 	1.0 	2.5 	34.1 	1.7 	17.2 	-24.0 	-10.3 	-12.1 	: 	: 	: 	: 	: 	: 	: 	: 	: 	: 	: 	: 	: 	: 	: 	: 	: 
PNUM,F_CC111,NSA,PCH_SM,MT	27.9 	9.8 	33.8 	24.4 	11.4 	11.9 	-15.4 	-4.2 	3.9 	4.5 	-40.2 	-24.3 	-6.6 	7.0 	-9.2 	-0.1 	20.8 	-48.9 	: 	: 	: 	: 	: 	: 	: 	: 	: 
PNUM,F_CC111,NSA,PCH_SM,NL	2.8 	27.9 	10.9 	46.8 	85.1 	-51.3 	-33.1 	-1.9 	-21.9 	-20.1 	-3.4 	-12.8 	6.5 	3.7 	8.3 	5.9 	8.2 	-22.6 	-3.6 	-2.9 	-12.1 	4.5 	-5.1 	: 	: 	: 	: 
PNUM,F_CC111,NSA,PCH_SM,NO	-8.5 	-5.3 	9.7 	1.4 	-5.5 	-1.6 	0.0 	18.7 	-9.9 	3.2 	-9.6 	-5.9 	9.5 	6.7 	21.2 	-12.1 	-11.2 	-9.8 	: 	: 	: 	: 	: 	: 	: 	: 	: 
PNUM,F_CC111,NSA,PCH_SM,PL	7.7 	11.4 	12.4 	12.0 	-2.4 	-11.7 	-12.0 	-3.1 	-1.7 	-11.1 	1.8 	47.0 	23.7 	0.0 	-9.8 	58.9 	-52.2 	14.4 	: 	: 	: 	: 	: 	: 	: 	: 	: 
PNUM,F_CC111,NSA,PCH_SM,PT	27.7 	20.1 	19.6 	10.7 	-5.6 	-29.6 	-29.7 	-17.1 	-7.1 	-28.4 e	-18.4 e	-7.8 e	-3.3 e	-1.0 e	-13.5 e	-4.0 e	-3.2 e	-2.9 e	-3.6 s	9.8 s	11.1 s	9.4 s	0.5 s	: 	: 	: 	: 
PNUM,F_CC111,NSA,PCH_SM,RO	4.7 	4.2 	-2.8 	2.4 	-1.6 	-0.2 	-4.8 	-6.4 	-14.0 	-18.6 	7.5 	8.9 	16.5 	26.8 	24.9 	-10.0 	-11.2 	9.9 	: 	: 	: 	: 	: 	: 	: 	: 	: 
PNUM,F_CC111,NSA,PCH_SM,RS	1.2 	43.5 	-11.1 	23.3 	-2.6 	-7.1 	3.6 	6.0 	-21.7 	-10.8 	1.8 	46.1 e	-4.8 e	8.5 e	-0.3 e	44.5 e	-33.4 e	34.0 e	: 	: 	: 	: 	: 	: 	: 	: 	: 
PNUM,F_CC111,NSA,PCH_SM,SE	-21.3 	0.8 	23.9 p	20.9 p	28.0 p	8.0 p	-23.2 p	-15.5 p	14.8 p	-15.1 p	-20.0 p	-3.9 p	15.9 p	12.5 p	12.1 p	24.9 p	4.3 p	-12.5 p	12.3 ps	20.3 s	15.4 s	25.1 s	: 	: 	: 	: 	: 
PNUM,F_CC111,NSA,PCH_SM,SI	2.8 	3.5 	5.3 	5.2 	-7.6 	8.7 	-6.7 	-8.6 	-16.7 	-11.7 	-7.9 	-4.4 	10.2 	15.0 	1.9 	12.5 	-5.3 	-5.5 	-13.6 	1.0 	: 	: 	: 	: 	: 	: 	: 
PNUM,F_CC111,NSA,PCH_SM,SK	7.0 	6.6 	15.8 	16.6 	4.1 	-1.4 	-3.1 	-1.6 	-11.9 	-18.4 	36.2 	21.7 	4.8 	-12.0 	25.5 	: 	: 	: 	: 	: 	: 	: 	: 	: 	: 	: 	: 
PNUM,F_CC111,NSA,PCH_SM,TR	-15.6 	17.1 	-1.8 	-10.2 	7.0 	19.1 	-5.8 	-20.1 	31.3 	-14.7 	-8.2 	-15.6 	-13.6 	50.8 	46.2 	0.9 	-39.5 	1.1 	-17.6 	-17.6 	-10.5 	1.6 	-11.6 	-7.7 	-1.1 	2.2 	: 
PNUM,F_CC111,NSA,PCH_SM,UK	2.8 p	6.3 p	5.7 p	25.5 p	5.3 p	25.3 p	-7.2 	15.6 	29.7 	-21.8 	-39.5 	2.7 	-2.9 	-9.0 	-1.7 	-3.1 	-5.3 	-1.2 	-4.6 	0.3 	: 	: 	: 	: 	: 	: 	: 
PNUM,F_CC112,NSA,I10,AT	: 	: 	164.6 e	156.1 e	154.1 e	142.1 	116.9 	130.4 	100.0 	105.4 	101.4 	97.5 	100.0 	92.5 	: c	: c	: c	: c	: c	: 	: 	: 	: 	: 	: 	: 	: 
PNUM,F_CC112,NSA,I10,BE	: 	: 	120.5 p	103.0 	124.3 	107.0 	94.6 	89.1 	100.0 	91.8 	109.4 	115.0 	131.7 	120.4 	103.2 	86.1 	78.8 	71.3 	70.4 	70.6 	56.4 	67.8 	64.4 	68.9 s	: 	: 	: 
PNUM,F_CC112,NSA,I10,BG	: 	227.7 	161.1 	152.9 	137.6 	99.4 	79.7 	79.6 	100.0 	169.2 	468.2 	629.0 	512.1 	303.4 	193.8 	90.7 	78.9 	64.1 	45.0 	: 	: 	: 	: 	: 	: 	: 	: 
PNUM,F_CC112,NSA,I10,CY	: 	: 	18.5 	17.7 	14.3 	24.1 	35.4 	58.0 	100.0 	118.8 	157.0 	153.1 	129.2 	126.9 	98.8 	71.5 	45.5 	33.6 	30.5 	: 	: 	: 	: 	: 	: 	: 	: 
PNUM,F_CC112,NSA,I10,CZ	: 	: 	103.6 	118.9 	108.2 	85.1 	74.1 	88.7 	100.0 	174.0 	206.4 	230.6 	225.6 	218.7 	198.7 	171.8 	169.2 	121.2 	166.0 	: 	: 	: 	: 	: 	: 	: 	: 
PNUM,F_CC112,NSA,I10,DE	: 	: 	236.3 	189.2 	177.2 	166.1 	137.4 	123.0 	100.0 	92.6 	88.8 e	92.8 e	114.3 e	106.9 e	121.1 e	128.9 e	126.7 e	146.4 e	175.6 e	298.9 e	355.8 e	439.3 e	514.6 e	607.0 e	669.6 e	: 	: 
PNUM,F_CC112,NSA,I10,DK	: 	165.7 p	236.4 p	197.9 p	138.7 p	86.4 p	90.6 p	134.8 p	100.0 p	40.2 p	75.2 p	88.7 p	184.9 p	219.7 p	174.5 p	163.6 p	132.3 p	112.5 p	93.7 p	84.9 p	77.6 p	: 	: 	: 	: 	: 	: 
PNUM,F_CC112,NSA,I10,EA19	: 	: 	102.7 	87.1 	83.1 	79.4 	89.0 	100.0 	100.0 	110.0 	161.9 	270.5 	301.6 	264.2 	242.4 	212.0 	189.1 s	187.1 s	204.8 s	207.7 s	212.6 s	206.2 s	211.3 s	230.9 s	258.4 s	: 	: 
PNUM,F_CC112,NSA,I10,EE	: 	389.6 	288.2 	274.3 	177.1 	122.8 	135.4 	122.7 	100.0 	54.2 	210.3 	352.5 	572.2 	400.3 	419.7 	106.5 	114.3 	47.8 	33.2 	25.4 	: 	: 	: 	: 	: 	: 	: 
PNUM,F_CC112,NSA,I10,EL	: 	: 	11.8 	10.9 	11.6 	14.0 	25.8 	49.7 	100.0 	119.9 	168.5 	223.9 	284.9 	499.3 	279.8 	296.0 	297.3 	237.5 	190.0 s	188.0 s	202.6 s	179.6 s	169.1 s	132.6 s	: 	: 	: 
PNUM,F_CC112,NSA,I10,ES	: 	: 	43.2 e	33.1 	32.1 	27.1 	62.7 	81.3 	100.0 	157.5 e	326.8 e	795.4 e	913.1 e	727.4 e	653.6 e	555.6 e	474.4 e	458.4 e	514.7 e	450.4 e	405.7 e	337.0 e	299.6 e	318.6 e	: 	: 	: 
PNUM,F_CC112,NSA,I10,EU28	: 	: 	110.3 	95.2 	91.5 	82.1 	87.1 	98.1 	100.0 	105.2 	151.8 	243.7 	267.2 	235.2 	213.8 	183.7 	160.9 s	157.6 s	169.0 s	168.9 s	172.0 s	166.9 s	171.0 s	186.8 s	: 	: 	: 
PNUM,F_CC112,NSA,I10,FI	: 	: 	160.3 	122.4 	111.1 	90.9 	104.5 	111.0 	100.0 	79.4 	69.6 	81.9 	91.0 	96.6 	88.2 	97.0 	86.2 	83.6 	106.4 	112.5 	100.8 	99.8 	78.5 	53.3 	: 	: 	: 
PNUM,F_CC112,NSA,I10,FR	: 	124.2 e	116.7 e	99.1 e	92.7 e	97.6 e	111.9 e	117.3 e	100.0 e	77.0 e	99.4 e	121.4 e	129.8 e	112.9 e	98.3 e	72.5 e	62.1 e	63.8 e	66.0 e	52.0 e	90.1 e	60.5 e	60.9 e	70.0 e	85.3 e	: 	: 
PNUM,F_CC112,NSA,I10,HR	: 	100.4 	73.9 	53.9 	61.0 	56.9 	72.4 	104.3 	100.0 	129.9 	220.5 	224.3 	227.7 	199.3 	174.0 	181.7 	162.6 	146.9 	88.4 	: 	: 	: 	: 	: 	: 	: 	: 
PNUM,F_CC112,NSA,I10,HU	: 	: 	192.1 	61.0 	45.8 	30.6 	41.9 	51.4 	100.0 	161.1 	258.9 	237.1 	225.1 	281.3 	299.1 	266.8 	214.1 	205.3 	152.9 	72.3 s	52.1 s	: 	: 	: 	: 	: 	: 
PNUM,F_CC112,NSA,I10,IE	: 	: 	56.6 	40.6 	11.4 	17.4 	12.5 	37.1 	100.0 	199.9 	287.7 	313.8 	272.7 	344.8 	466.6 	418.2 	265.6 	258.7 	253.3 	186.2 	: 	: 	: 	: 	: 	: 	: 
PNUM,F_CC112,NSA,I10,IT	: 	: 	: c	: c	: c	: c	: c	: c	: c	: c	: c	: c	: c	: c	: c	: c	: c	: c	: c	: c	: c	: c	: c	: c	: 	: 	: 
PNUM,F_CC112,NSA,I10,LT	: 	353.3 	344.9 	264.7 	193.2 	196.5 	175.4 	96.9 	100.0 	65.8 e	300.0 e	396.6 e	336.5 e	225.8 e	157.3 e	116.1 e	68.1 	65.0 	66.9 	87.7 	: 	: 	: 	: 	: 	: 	: 
PNUM,F_CC112,NSA,I10,LU	: 	: 	150.6 	121.0 	180.8 	96.2 	127.8 	121.7 	100.0 	113.2 	120.1 	146.8 	126.1 	140.1 	115.9 	95.1 	81.8 	75.4 	93.6 	: 	: 	: 	: 	: 	: 	: 	: 
PNUM,F_CC112,NSA,I10,LV	: 	64.5 	75.0 	43.5 	57.8 	168.9 	114.6 	88.1 	100.0 	116.7 e	178.0 e	596.8 e	519.3 e	370.9 e	184.3 e	104.1 e	13.8 e	4.7 e	: c	: 	: 	: 	: 	: 	: 	: 	: 
PNUM,F_CC112,NSA,I10,ME	: 	: 	104.4 	108.2 	103.0 	116.5 	127.7 	113.9 	100.0 	122.7 e	93.6 e	75.0 e	50.2 e	44.7 e	71.4 e	41.6 e	52.7 e	45.4 e	58.3 e	: 	: 	: 	: 	: 	: 	: 	: 
PNUM,F_CC112,NSA,I10,MK	: 	146.6 	146.0 	109.8 	94.7 	86.1 	143.4 	122.2 	100.0 	84.1 	92.2 	: 	: 	: 	: 	: 	: 	: 	: 	: 	: 	: 	: 	: 	: 	: 	: 
PNUM,F_CC112,NSA,I10,MT	: 	: 	169.1 	81.8 	59.4 	55.2 	66.6 	87.7 	100.0 	123.6 	165.5 	274.4 	239.9 	201.8 	140.9 	121.5 	104.2 	76.7 	37.4 	: 	: 	: 	: 	: 	: 	: 	: 
PNUM,F_CC112,NSA,I10,NL	: 	95.0 	72.9 	88.7 	70.8 	56.0 	55.9 	83.5 	100.0 	108.3 	122.2 	118.1 	119.6 	86.1 	68.1 	70.4 	62.1 	58.2 	68.1 	80.3 	86.1 	104.2 	114.0 	91.0 	: 	: 	: 
PNUM,F_CC112,NSA,I10,NO	: 	209.5 	193.8 	157.2 	148.7 	158.6 	154.8 	155.1 	100.0 	93.7 	123.1 	196.9 	211.8 	225.4 	190.5 	130.8 	140.7 	128.3 	111.4 	: 	: 	: 	: 	: 	: 	: 	: 
PNUM,F_CC112,NSA,I10,PL	: 	: 	159.5 	142.3 	110.7 	84.7 	105.8 	116.7 	100.0 	102.3 	155.6 	179.3 	121.3 	79.8 	66.6 	41.5 	52.5 	76.0 	98.1 	: 	: 	: 	: 	: 	: 	: 	: 
PNUM,F_CC112,NSA,I10,PT	: 	54.1 	42.1 	23.3 	17.1 	18.4 	33.1 	55.5 	100.0 	110.6 	236.7 e	352.1 e	377.6 e	396.7 e	400.4 e	457.1 e	501.8 e	632.3 e	729.0 e	760.6 s	697.0 s	614.8 s	536.8 s	471.5 s	: 	: 	: 
PNUM,F_CC112,NSA,I10,RO	: 	316.9 	218.9 	179.4 	137.8 	106.8 	106.4 	89.4 	100.0 	99.8 	198.4 	169.6 	90.8 	57.6 	45.8 	46.5 	29.4 	49.9 	52.6 	: 	: 	: 	: 	: 	: 	: 	: 
PNUM,F_CC112,NSA,I10,RS	: 	: 	119.4 	88.8 	67.9 	66.2 	97.6 	108.1 	100.0 	121.8 	140.5 	129.1 	97.0 e	99.5 e	94.3 e	86.1 e	65.7 e	62.3 e	62.9 e	: 	: 	: 	: 	: 	: 	: 	: 
PNUM,F_CC112,NSA,I10,SE	: 	: 	277.3 p	230.2 p	169.0 p	145.2 p	108.2 p	115.4 p	100.0 p	70.0 p	76.4 p	82.9 p	176.0 p	111.4 p	91.5 p	70.0 p	46.8 p	56.9 p	41.6 p	28.7 s	30.5 s	32.5 s	31.5 s	: 	: 	: 	: 
PNUM,F_CC112,NSA,I10,SI	: 	22.0 p	17.8 	12.2 	17.0 	31.3 	41.3 	62.4 	100.0 	126.4 	224.1 	300.3 	203.0 	158.7 	174.1 	122.3 	96.7 	94.2 	83.3 	73.6 	74.2 	: 	: 	: 	: 	: 	: 
PNUM,F_CC112,NSA,I10,SK	: 	: 	152.1 	134.5 	100.7 	86.6 	56.2 	51.9 	100.0 	143.7 	243.5 	128.4 	189.3 	185.6 	112.9 	51.4 	: 	: 	: 	: 	: 	: 	: 	: 	: 	: 	: 
PNUM,F_CC112,NSA,I10,TR	: 	147.3 	111.2 	99.4 	114.3 	92.7 	85.3 	71.5 	100.0 	56.6 	54.5 	63.4 	64.8 	58.3 	35.0 	21.3 	16.6 	28.9 	33.0 	35.1 	45.0 	48.0 	47.0 	53.7 	53.8 	56.5 	48.1 
PNUM,F_CC112,NSA,I10,UK	: 	: 	72.6 p	72.4 p	99.3 p	76.8 p	70.0 	80.6 	100.0 	87.9 	105.6 	174.5 	163.3 	162.0 	145.0 	109.4 	81.0 	69.1 	58.6 	50.3 	46.6 	: 	: 	: 	: 	: 	: 
PNUM,F_CC112,NSA,I15,AL	1566.7 	1070.0 	583.3 	100.0 e	: 	: 	: 	: 	: 	: 	: 	: 	: 	: 	: 	: 	: 	: 	: 	: 	: 	: 	: 	: 	: 	: 	: 
PNUM,F_CC112,NSA,I15,AT	105.6 e	137.2 e	120.4 e	100.0 p	96.0 p	89.1 	73.2 	81.7 	62.8 	65.9 	63.4 	61.0 	62.6 	57.9 	: c	: c	: c	: c	: c	: 	: 	: 	: 	: 	: 	: 	: 
PNUM,F_CC112,NSA,I15,BA	119.9 	112.7 	104.1 	100.0 	79.0 	57.3 	: 	: 	: 	: 	: 	: 	: 	: 	: 	: 	: 	: 	: 	: 	: 	: 	: 	: 	: 	: 	: 
PNUM,F_CC112,NSA,I15,BE	143.2 p	116.1 p	115.0 p	100.0 	120.6 	103.8 	91.8 	86.4 	97.0 	89.1 	106.2 	111.6 	127.8 	116.9 	100.2 	83.6 	76.4 	69.2 	68.3 	68.5 	54.8 	65.8 	62.5 	66.9 s	: 	: 	: 
PNUM,F_CC112,NSA,I15,BG	224.5 	149.0 	105.4 	100.0 	90.0 	65.0 	52.1 	52.1 	65.4 	110.7 	306.3 	411.5 	335.0 	198.5 	126.8 	59.3 	51.6 	41.9 	29.4 	: 	: 	: 	: 	: 	: 	: 	: 
PNUM,F_CC112,NSA,I15,CY	211.7 	168.8 	104.2 	100.0 	80.4 	135.9 	199.6 	327.0 	563.4 	669.3 	884.7 	862.5 	728.0 	714.9 	556.4 	402.7 	256.5 	189.4 	172.1 	: 	: 	: 	: 	: 	: 	: 	: 
PNUM,F_CC112,NSA,I15,CZ	108.7 	105.0 	87.1 	100.0 	91.0 	71.6 	62.3 	74.6 	84.1 	146.4 	173.6 	193.9 	189.8 	184.0 	167.2 	144.5 	142.3 	101.9 	139.7 	: 	: 	: 	: 	: 	: 	: 	: 
PNUM,F_CC112,NSA,I15,DE	128.2 	124.0 	124.9 	100.0 	93.7 	87.8 	72.6 	65.0 	52.9 	49.0 	46.9 e	49.1 e	60.4 e	56.5 e	64.0 e	68.2 e	67.0 e	77.4 e	92.8 e	158.0 e	188.0 e	232.2 e	272.0 e	320.8 e	353.9 e	: 	: 
PNUM,F_CC112,NSA,I15,DK	154.3 e	127.7 e	141.0 e	100.0 e	70.8 e	43.7 e	46.6 e	67.4 e	50.6 e	19.9 e	38.1 e	45.2 e	93.7 e	111.6 e	88.5 e	83.0 e	67.1 e	57.1 e	47.5 e	43.0 e	39.4 e	: 	: 	: 	: 	: 	: 
PNUM,F_CC112,NSA,I15,EA19	136.3 	129.1 	116.8 	100.0 	97.3 	97.8 	123.0 	150.3 	155.1 	179.0 	264.4 	424.8 	466.9 	434.6 	399.0 	345.0 	308.5 s	293.8 s	309.9 s	298.7 s	294.6 s	283.0 s	289.3 s	315.3 s	: 	: 	: 
PNUM,F_CC112,NSA,I15,EE	124.8 	142.1 	105.1 	100.0 	64.6 	44.8 	49.4 	44.7 	36.5 	19.8 	76.7 	128.5 	208.6 	145.9 	153.0 	38.8 	41.7 	17.4 	12.1 	9.3 	: 	: 	: 	: 	: 	: 	: 
PNUM,F_CC112,NSA,I15,EL	215.3 	133.1 	108.5 	100.0 	106.1 	128.4 	236.0 	455.2 	916.0 	1098.4 	1543.3 	2050.5 	2609.4 	4574.0 	2563.0 	2711.8 	2723.6 	2175.8 	1740.7 s	1721.9 s	1855.9 s	1645.0 s	1549.0 s	1214.5 s	: 	: 	: 
PNUM,F_CC112,NSA,I15,ES	217.9 	163.2 p	130.5 e	100.0 	97.0 	82.0 	189.5 	245.6 	302.0 	475.5 e	987.0 e	2402.0 e	2757.6 e	2196.8 e	1973.9 e	1677.9 e	1432.6 e	1384.2 e	1554.4 e	1360.1 e	1225.3 e	1017.7 e	904.8 e	962.0 e	: 	: 	: 
PNUM,F_CC112,NSA,I15,EU28	131.3 	129.1 	116.7 	100.0 	98.6 	94.2 	112.8 	136.7 	142.5 	159.6 	232.8 	369.4 	403.0 	375.1 	343.4 	294.5 	260.8 s	247.7 s	258.4 s	247.4 s	243.4 s	233.9 s	239.0 s	260.5 s	: 	: 	: 
PNUM,F_CC112,NSA,I15,FI	139.5 	160.0 	131.0 	100.0 	90.4 	73.9 	85.1 	90.3 	81.4 	64.6 	56.5 	66.6 	74.1 	78.7 	71.8 	79.0 	70.1 	68.0 	86.6 	91.5 	81.9 	81.2 	64.1 	43.4 	: 	: 	: 
PNUM,F_CC112,NSA,I15,FR	117.1 	124.9 	118.4 	100.0 	91.1 	100.1 	111.8 	120.5 	98.8 	73.8 	99.9 	124.7 	134.2 	117.8 	101.5 	75.7 	65.5 	66.1 	69.0 	55.1 	97.7 	67.4 	68.0 	78.8 	95.5 	: 	: 
PNUM,F_CC112,NSA,I15,HR	168.1 	186.2 	137.1 	100.0 	113.1 	105.5 	134.3 	193.5 	185.5 	240.9 	409.1 	416.1 	422.4 	369.8 	322.7 	337.0 	301.5 	272.6 	164.1 	: 	: 	: 	: 	: 	: 	: 	: 
PNUM,F_CC112,NSA,I15,HU	384.4 	403.3 	315.0 	100.0 	75.1 	50.2 	68.7 	84.2 	164.0 	264.1 	424.4 	388.7 	369.0 	461.2 	490.3 	437.4 	351.1 	336.7 	250.7 	118.5 s	85.3 s	: 	: 	: 	: 	: 	: 
PNUM,F_CC112,NSA,I15,IE	330.1 	191.0 	139.4 	100.0 	28.1 	42.8 	30.8 	91.2 	246.0 	491.8 	707.9 	772.0 	671.0 	848.3 	1148.1 	1029.0 	653.5 	636.4 	623.3 	458.2 	: 	: 	: 	: 	: 	: 	: 
PNUM,F_CC112,NSA,I15,IT	: c	: c	: c	: c	: c	: c	: c	: c	: c	: c	: c	: c	: c	: c	: c	: c	: c	: c	: c	: c	: c	: c	: c	: c	: 	: 	: 
PNUM,F_CC112,NSA,I15,LT	133.3 	131.2 	128.8 	100.0 	72.7 	74.5 	66.5 	36.7 	37.9 	24.9 e	113.8 e	150.4 e	127.6 e	85.7 e	59.6 e	44.0 e	25.8 	24.7 	25.4 	33.3 	: 	: 	: 	: 	: 	: 	: 
PNUM,F_CC112,NSA,I15,LU	145.4 	123.5 	124.5 	100.0 	149.4 	79.6 	105.7 	100.6 	82.7 	93.6 	99.3 	121.4 	104.2 	115.8 	95.8 	78.6 	67.6 	62.4 	77.3 	: 	: 	: 	: 	: 	: 	: 	: 
PNUM,F_CC112,NSA,I15,LV	222.8 	148.1 	172.3 	100.0 	132.8 	387.8 	263.1 	202.4 	230.0 	268.0 e	408.6 e	1370.4 e	1192.4 e	851.6 e	423.1 e	238.9 e	31.7 e	10.7 e	: c	: 	: 	: 	: 	: 	: 	: 	: 
PNUM,F_CC112,NSA,I15,ME	80.1 	146.5 	96.5 	100.0 	95.2 	107.7 	118.1 	105.2 	92.4 	113.4 e	86.5 e	69.3 e	46.4 e	41.4 e	66.0 e	38.4 e	48.7 e	41.9 e	53.9 e	: 	: 	: 	: 	: 	: 	: 	: 
PNUM,F_CC112,NSA,I15,MK	125.1 	133.5 	133.0 	100.0 	86.2 	78.4 	130.5 	111.3 	91.1 	76.6 	84.0 	: 	: 	: 	: 	: 	: 	: 	: 	: 	: 	: 	: 	: 	: 	: 	: 
PNUM,F_CC112,NSA,I15,MT	366.9 	278.6 	206.7 	100.0 	72.7 	67.5 	81.4 	107.2 	122.3 	151.0 	202.4 	335.5 	293.2 	246.7 	172.3 	148.6 	127.4 	93.8 	45.7 	: 	: 	: 	: 	: 	: 	: 	: 
PNUM,F_CC112,NSA,I15,NL	110.2 	107.2 	82.2 	100.0 	79.9 	63.1 	63.1 	94.1 	112.8 	122.2 	137.9 	133.2 	135.0 	97.1 	76.9 	79.4 	70.0 	65.6 	76.8 	90.6 	97.1 	117.6 	128.6 	102.7 	: 	: 	: 
PNUM,F_CC112,NSA,I15,NO	133.5 	133.3 	123.3 	100.0 	94.6 	100.9 	98.5 	98.6 	63.6 	59.6 	78.3 	125.3 	134.7 	143.4 	121.2 	83.2 	89.5 	81.6 	70.9 	: 	: 	: 	: 	: 	: 	: 	: 
PNUM,F_CC112,NSA,I15,PL	140.5 	139.5 	112.1 	100.0 	77.8 	59.5 	74.4 	82.0 	70.3 	71.9 	109.3 	126.0 	85.3 	56.1 	46.8 	29.1 	36.9 	53.4 	68.9 	: 	: 	: 	: 	: 	: 	: 	: 
PNUM,F_CC112,NSA,I15,PT	379.4 	234.4 	180.9 	100.0 	73.3 	79.2 	142.1 	238.4 	429.7 	475.4 	1017.1 e	1513.0 e	1622.7 e	1704.7 e	1720.5 e	1964.1 e	2156.3 e	2716.9 e	3132.7 e	3268.4 s	2995.1 s	2641.7 s	2306.7 s	2026.1 s	: 	: 	: 
PNUM,F_CC112,NSA,I15,RO	152.3 	176.6 	122.0 	100.0 	76.8 	59.5 	59.3 	49.8 	55.7 	55.6 	110.6 	94.5 	50.6 	32.1 	25.5 	25.9 	16.4 	27.8 	29.3 	: 	: 	: 	: 	: 	: 	: 	: 
PNUM,F_CC112,NSA,I15,RS	197.6 	178.4 	134.5 	100.0 	76.5 	74.6 	110.0 	121.8 	112.7 	137.2 	158.3 	145.5 	109.3 e	112.1 e	106.3 e	97.1 e	74.0 e	70.2 e	70.9 e	: 	: 	: 	: 	: 	: 	: 	: 
PNUM,F_CC112,NSA,I15,SE	115.7 	137.4 	123.7 	100.0 p	73.4 p	63.0 p	47.0 p	50.1 p	43.4 p	30.4 p	33.2 p	36.0 p	76.5 p	48.4 p	39.7 p	30.4 p	20.3 p	24.7 p	18.1 p	12.5 s	13.3 s	14.1 s	13.7 s	: 	: 	: 	: 
PNUM,F_CC112,NSA,I15,SI	364.4 	190.3 	145.3 	100.0 	139.3 	255.9 	337.2 	509.7 	817.0 	1032.4 	1831.2 	2453.8 	1658.7 	1296.8 	1422.3 	999.6 	789.9 	769.2 	680.6 	601.2 	606.5 	: 	: 	: 	: 	: 	: 
PNUM,F_CC112,NSA,I15,SK	95.7 	79.3 	113.1 	100.0 	74.9 	64.4 	41.8 	38.6 	74.4 	106.8 	181.1 	95.5 	140.7 	138.0 	83.9 	38.2 	: 	: 	: 	: 	: 	: 	: 	: 	: 	: 	: 
PNUM,F_CC112,NSA,I15,TR	73.1 	156.5 	112.6 	100.0 	115.1 	93.3 	85.9 	72.0 	100.6 	57.0 	54.9 	63.8 	65.2 	58.6 	35.2 	21.4 	16.7 	29.1 	33.2 	35.3 	45.2 	48.4 	47.3 	54.0 	54.2 	56.9 	48.4 
PNUM,F_CC112,NSA,I15,UK	77.1 p	106.6 p	100.3 p	100.0 p	137.2 p	106.1 p	96.7 	111.4 	138.1 	121.4 	145.9 	241.1 	225.6 	223.9 	200.2 	151.1 	111.9 	95.4 	80.9 	69.5 	64.4 	: 	: 	: 	: 	: 	: 
PNUM,F_CC112,NSA,PCH_SM,AL	46.4 	83.4 	483.3 e	: 	: 	: 	: 	: 	: 	: 	: 	: 	: 	: 	: 	: 	: 	: 	: 	: 	: 	: 	: 	: 	: 	: 	: 
PNUM,F_CC112,NSA,PCH_SM,AT	-23.0 e	14.0 e	20.4 ep	4.2 p	7.7 p	21.7 	-10.4 	30.1 	-4.7 	3.9 	3.9 	-2.6 	8.1 	: c	: c	: c	: c	: c	: 	: 	: 	: 	: 	: 	: 	: 	: 
PNUM,F_CC112,NSA,PCH_SM,BA	6.4 	8.3 	4.1 	26.6 	37.9 	: 	: 	: 	: 	: 	: 	: 	: 	: 	: 	: 	: 	: 	: 	: 	: 	: 	: 	: 	: 	: 	: 
PNUM,F_CC112,NSA,PCH_SM,BE	23.3 p	1.0 p	15.0 p	-17.1 	16.2 	13.1 	6.3 	-10.9 	8.9 	-16.1 	-4.8 	-12.7 	9.3 	16.7 	19.9 	9.4 	10.4 	1.3 	-0.3 	25.0 	-16.7 	5.3 	-6.6 s	: 	: 	: 	: 
PNUM,F_CC112,NSA,PCH_SM,BG	50.7 	41.4 	5.4 	11.1 	38.5 	24.8 	0.0 	-20.3 	-40.9 	-63.9 	-25.6 	22.8 	68.8 	56.5 	113.8 	14.9 	23.2 	42.5 	: 	: 	: 	: 	: 	: 	: 	: 	: 
PNUM,F_CC112,NSA,PCH_SM,CY	25.4 	62.0 	4.2 	24.4 	-40.8 	-31.9 	-39.0 	-42.0 	-15.8 	-24.3 	2.6 	18.5 	1.8 	28.5 	38.2 	57.0 	35.4 	10.1 	: 	: 	: 	: 	: 	: 	: 	: 	: 
PNUM,F_CC112,NSA,PCH_SM,CZ	3.5 	20.6 	-12.9 	9.9 	27.1 	14.9 	-16.5 	-11.3 	-42.6 	-15.7 	-10.5 	2.2 	3.2 	10.0 	15.7 	1.5 	39.6 	-27.1 	: 	: 	: 	: 	: 	: 	: 	: 	: 
PNUM,F_CC112,NSA,PCH_SM,DE	3.4 	-0.7 	24.9 	6.7 	6.7 	20.9 	11.7 	22.9 	8.0 	4.5 e	-4.5 e	-18.7 e	6.9 e	-11.7 e	-6.2 e	1.8 e	-13.4 e	-16.6 e	-41.3 e	-16.0 e	-19.0 e	-14.6 e	-15.2 e	-9.4 e	: 	: 	: 
PNUM,F_CC112,NSA,PCH_SM,DK	20.8 e	-9.4 e	41.0 e	41.2 e	62.0 e	-6.2 e	-30.9 e	33.2 e	154.3 e	-47.8 e	-15.7 e	-51.8 e	-16.0 e	26.1 e	6.6 e	23.7 e	17.5 e	20.2 e	10.5 e	9.1 e	: 	: 	: 	: 	: 	: 	: 
PNUM,F_CC112,NSA,PCH_SM,EA19	5.6 	10.5 	16.8 	2.8 	-0.5 	-20.5 	-18.2 	-3.1 	-13.4 	-32.3 	-37.8 	-9.0 	7.4 	8.9 	15.7 	11.8 s	5.0 s	-5.2 s	3.7 s	1.4 s	4.1 s	-2.2 s	-8.2 s	-10.6 s	: 	: 	: 
PNUM,F_CC112,NSA,PCH_SM,EE	-12.2 	35.2 	5.1 	54.8 	44.2 	-9.3 	10.5 	22.5 	84.3 	-74.2 	-40.3 	-38.4 	43.0 	-4.6 	294.3 	-7.0 	139.7 	43.8 	30.1 	: 	: 	: 	: 	: 	: 	: 	: 
PNUM,F_CC112,NSA,PCH_SM,EL	61.8 	22.7 	8.5 	-5.7 	-17.4 	-45.6 	-48.2 	-50.3 	-16.6 	-28.8 	-24.7 	-21.4 	-43.0 	78.5 	-5.5 	-0.4 	25.2 	25.0 s	1.1 s	-7.2 s	12.8 s	6.2 s	27.5 s	: 	: 	: 	: 
PNUM,F_CC112,NSA,PCH_SM,ES	33.5 p	25.1 ep	30.5 e	3.1 	18.3 	-56.7 	-22.8 	-18.7 	-36.5 e	-51.8 e	-58.9 e	-12.9 e	25.5 e	11.3 e	17.6 e	17.1 e	3.5 e	-10.9 e	14.3 e	11.0 e	20.4 e	12.5 e	-5.9 e	: 	: 	: 	: 
PNUM,F_CC112,NSA,PCH_SM,EU28	1.7 	10.6 	16.7 	1.4 	4.7 	-16.5 	-17.5 	-4.1 	-10.7 	-31.4 	-37.0 	-8.3 	7.4 	9.2 	16.6 	12.9 s	5.3 s	-4.1 s	4.4 s	1.6 s	4.1 s	-2.1 s	-8.3 s	: 	: 	: 	: 
PNUM,F_CC112,NSA,PCH_SM,FI	-12.8 	22.1 	31.0 	10.6 	22.3 	-13.2 	-5.8 	10.9 	26.0 	14.3 	-15.2 	-10.1 	-5.8 	9.6 	-9.1 	12.7 	3.1 	-21.5 	-5.4 	11.7 	0.9 	26.7 	47.7 	: 	: 	: 	: 
PNUM,F_CC112,NSA,PCH_SM,FR	-6.2 	5.5 	18.4 	9.8 	-9.0 	-10.5 	-7.2 	22.0 	33.9 	-26.1 	-19.9 	-7.1 	13.9 	16.1 	34.1 	15.6 	-0.9 	-4.2 	25.2 	-43.6 	45.0 	-0.9 	-13.7 	-17.5 	: 	: 	: 
PNUM,F_CC112,NSA,PCH_SM,HR	-9.7 	35.8 	37.1 	-11.6 	7.2 	-21.4 	-30.6 	4.3 	-23.0 	-41.1 	-1.7 	-1.5 	14.2 	14.6 	-4.2 	11.8 	10.6 	66.1 	: 	: 	: 	: 	: 	: 	: 	: 	: 
PNUM,F_CC112,NSA,PCH_SM,HU	-4.7 	28.0 	215.0 	33.2 	49.6 	-26.9 	-18.4 	-48.7 	-37.9 	-37.8 	9.2 	5.3 	-20.0 	-5.9 	12.1 	24.6 	4.3 	34.3 	111.6 s	38.9 s	: 	: 	: 	: 	: 	: 	: 
PNUM,F_CC112,NSA,PCH_SM,IE	72.8 	37.0 	39.4 	255.9 	-34.3 	39.0 	-66.2 	-62.9 	-50.0 	-30.5 	-8.3 	15.1 	-20.9 	-26.1 	11.6 	57.5 	2.7 	2.1 	36.0 	: 	: 	: 	: 	: 	: 	: 	: 
PNUM,F_CC112,NSA,PCH_SM,IT	: c	: c	: c	: c	: c	: c	: c	: c	: c	: c	: c	: c	: c	: c	: c	: c	: c	: c	: c	: c	: c	: c	: c	: 	: 	: 	: 
PNUM,F_CC112,NSA,PCH_SM,LT	1.6 	1.9 	28.8 	37.6 	-2.4 	12.0 	81.2 	-3.2 	52.2 e	-78.1 e	-24.3 e	17.9 e	48.9 e	43.8 e	35.5 e	70.5 e	4.5 	-2.8 	-23.7 	: 	: 	: 	: 	: 	: 	: 	: 
PNUM,F_CC112,NSA,PCH_SM,LU	17.7 	-0.8 	24.5 	-33.1 	87.7 	-24.7 	5.1 	21.6 	-11.6 	-5.7 	-18.2 	16.5 	-10.0 	20.9 	21.9 	16.3 	8.3 	-19.3 	: 	: 	: 	: 	: 	: 	: 	: 	: 
PNUM,F_CC112,NSA,PCH_SM,LV	50.4 	-14.0 	72.3 	-24.7 	-65.8 	47.4 	30.0 	-12.0 	-14.2 e	-34.4 e	-70.2 e	14.9 e	40.0 e	101.3 e	77.1 e	653.6 e	196.3 e	: c	: 	: 	: 	: 	: 	: 	: 	: 	: 
PNUM,F_CC112,NSA,PCH_SM,ME	-45.3 	51.8 	-3.5 	5.0 	-11.6 	-8.8 	12.3 	13.9 	-18.5 e	31.1 e	24.8 e	49.4 e	12.1 e	-37.3 e	71.9 e	-21.1 e	16.2 e	-22.3 e	: 	: 	: 	: 	: 	: 	: 	: 	: 
PNUM,F_CC112,NSA,PCH_SM,MK	-6.3 	0.4 	33.0 	16.0 	9.9 	-39.9 	17.3 	22.2 	18.9 	-8.8 	: 	: 	: 	: 	: 	: 	: 	: 	: 	: 	: 	: 	: 	: 	: 	: 	: 
PNUM,F_CC112,NSA,PCH_SM,MT	31.7 	34.8 	106.7 	37.6 	7.7 	-17.1 	-24.1 	-12.3 	-19.0 	-25.4 	-39.7 	14.4 	18.8 	43.2 	15.9 	16.6 	35.8 	105.3 	: 	: 	: 	: 	: 	: 	: 	: 	: 
PNUM,F_CC112,NSA,PCH_SM,NL	2.8 	30.4 	-17.8 	25.2 	26.6 	0.0 	-32.9 	-16.6 	-7.7 	-11.4 	3.5 	-1.3 	39.0 	26.3 	-3.1 	13.4 	6.7 	-14.6 	-15.2 	-6.7 	-17.4 	-8.6 	25.2 	: 	: 	: 	: 
PNUM,F_CC112,NSA,PCH_SM,NO	0.2 	8.1 	23.3 	5.7 	-6.2 	2.4 	-0.1 	55.0 	6.7 	-23.9 	-37.5 	-7.0 	-6.1 	18.3 	45.7 	-7.0 	9.7 	15.1 	: 	: 	: 	: 	: 	: 	: 	: 	: 
PNUM,F_CC112,NSA,PCH_SM,PL	0.7 	24.4 	12.1 	28.5 	30.8 	-20.0 	-9.3 	16.6 	-2.2 	-34.2 	-13.3 	47.7 	52.0 	19.9 	60.8 	-21.1 	-30.9 	-22.5 	: 	: 	: 	: 	: 	: 	: 	: 	: 
PNUM,F_CC112,NSA,PCH_SM,PT	61.9 	29.6 	80.9 	36.4 	-7.4 	-44.3 	-40.4 	-44.5 	-9.6 	-53.3 e	-32.8 e	-6.8 e	-4.8 e	-0.9 e	-12.4 e	-8.9 e	-20.6 e	-13.3 e	-4.2 s	9.1 s	13.4 s	14.5 s	13.8 s	: 	: 	: 	: 
PNUM,F_CC112,NSA,PCH_SM,RO	-13.8 	44.8 	22.0 	30.2 	29.1 	0.3 	19.1 	-10.6 	0.2 	-49.7 	17.0 	86.8 	57.6 	25.9 	-1.5 	57.9 	-41.0 	-5.1 	: 	: 	: 	: 	: 	: 	: 	: 	: 
PNUM,F_CC112,NSA,PCH_SM,RS	10.8 	32.6 	34.5 	30.7 	2.5 	-32.2 	-9.7 	8.1 	-17.9 	-13.3 	8.8 	33.1 e	-2.5 e	5.5 e	9.5 e	31.2 e	5.4 e	-1.0 e	: 	: 	: 	: 	: 	: 	: 	: 	: 
PNUM,F_CC112,NSA,PCH_SM,SE	-15.8 	11.1 	23.7 p	36.2 p	16.5 p	34.0 p	-6.2 p	15.4 p	42.8 p	-8.4 p	-7.8 p	-52.9 p	58.1 p	21.9 p	30.6 p	49.8 p	-17.8 p	36.5 p	44.8 ps	-6.0 s	-5.7 s	2.9 s	: 	: 	: 	: 	: 
PNUM,F_CC112,NSA,PCH_SM,SI	91.5 	31.0 	45.3 	-28.2 	-45.6 	-24.1 	-33.8 	-37.6 	-20.9 	-43.6 	-25.4 	47.9 	27.9 	-8.8 	42.3 	26.5 	2.7 	13.0 	13.2 	-0.9 	: 	: 	: 	: 	: 	: 	: 
PNUM,F_CC112,NSA,PCH_SM,SK	20.7 	-29.9 	13.1 	33.5 	16.3 	54.1 	8.3 	-48.1 	-30.3 	-41.0 	89.6 	-32.1 	2.0 	64.5 	119.6 	: 	: 	: 	: 	: 	: 	: 	: 	: 	: 	: 	: 
PNUM,F_CC112,NSA,PCH_SM,TR	-53.3 	39.0 	12.6 	-13.1 	23.4 	8.6 	19.3 	-28.4 	76.5 	3.8 	-13.9 	-2.1 	11.3 	66.5 	64.5 	28.1 	-42.6 	-12.3 	-5.9 	-21.9 	-6.6 	2.3 	-12.4 	-0.4 	-4.7 	17.6 	: 
PNUM,F_CC112,NSA,PCH_SM,UK	-27.7 p	6.3 p	0.3 p	-27.1 p	29.3 p	9.7 p	-13.2 	-19.3 	13.8 	-16.8 	-39.5 	6.9 	0.8 	11.8 	32.5 	35.0 	17.3 	17.9 	16.4 	7.9 	: 	: 	: 	: 	: 	: 	: 
PNUM,F_CC11_X_CC113,NSA,I10,AT	: 	: 	139.2 e	131.4 e	129.3 e	120.0 	105.5 	118.8 	100.0 	99.2 	99.5 	98.9 	101.3 	93.9 	: c	: c	: c	: c	: c	: 	: 	: 	: 	: 	: 	: 	: 
PNUM,F_CC11_X_CC113,NSA,I10,BE	: 	: 	101.8 p	90.4 	107.7 	96.8 	92.2 	87.5 	100.0 	90.6 	104.2 	106.8 	120.8 	117.0 	102.4 	89.0 	82.6 	81.5 	83.9 	89.9 	75.0 	98.9 	96.1 	89.2 s	: 	: 	: 
PNUM,F_CC11_X_CC113,NSA,I10,BG	: 	194.6 	141.5 	134.5 	123.5 	95.7 	82.7 	85.5 	100.0 	157.2 	385.0 	500.2 	413.4 	256.3 	165.8 	82.0 	68.0 	55.3 	39.3 	: 	: 	: 	: 	: 	: 	: 	: 
PNUM,F_CC11_X_CC113,NSA,I10,CY	: 	: 	25.5 	22.3 	19.9 	28.9 	41.1 	61.8 	100.0 	116.6 	140.3 	143.1 	132.2 	131.1 	110.0 	83.5 	56.8 	48.2 	42.5 	: 	: 	: 	: 	: 	: 	: 	: 
PNUM,F_CC11_X_CC113,NSA,I10,CZ	: 	: 	96.7 	92.8 	84.3 	77.9 	83.5 	98.7 	100.0 	131.1 	156.9 	157.1 	155.2 	145.0 	140.9 	131.2 	116.9 	100.3 	115.0 	: 	: 	: 	: 	: 	: 	: 	: 
PNUM,F_CC11_X_CC113,NSA,I10,DE	: 	: 	180.6 	156.2 	145.6 	140.7 	125.3 	121.4 	100.0 	93.9 e	91.3 e	96.4 e	133.3 e	130.2 e	145.6 e	162.4 e	150.0 e	159.8 e	187.8 e	270.7 e	295.6 e	328.1 e	356.6 e	395.4 e	441.0 e	: 	: 
PNUM,F_CC11_X_CC113,NSA,I10,DK	: 	138.5 p	176.9 p	149.5 p	106.6 p	77.0 p	79.8 p	111.9 p	100.0 p	51.6 p	96.8 p	140.1 p	225.9 p	224.4 p	181.5 p	168.2 p	151.0 p	126.1 p	105.8 p	106.6 p	110.4 p	: 	: 	: 	: 	: 	: 
PNUM,F_CC11_X_CC113,NSA,I10,EA19	: 	: 	89.4 	78.7 	74.6 	73.6 	85.4 	99.3 	100.0 	108.1 	154.7 	246.7 	281.4 	254.6 	236.4 	212.2 	190.2 s	186.7 s	204.3 s	203.7 s	199.5 s	189.3 s	185.9 s	196.0 s	220.9 s	: 	: 
PNUM,F_CC11_X_CC113,NSA,I10,EE	: 	305.2 	233.3 	216.5 	152.7 	118.1 	117.6 	109.6 	100.0 	80.6 	211.9 	345.8 	498.4 	354.6 	366.0 	132.5 	122.3 	55.4 	41.7 	38.3 	43.9 	: 	: 	: 	: 	: 	: 
PNUM,F_CC11_X_CC113,NSA,I10,EL	: 	: 	13.8 	13.3 	14.0 	17.2 	30.0 	54.7 	100.0 	119.6 	160.8 	209.2 	257.8 	424.9 	252.8 	266.0 	267.4 	221.0 	179.2 s	175.9 s	193.9 s	176.2 s	167.1 s	134.1 s	: 	: 	: 
PNUM,F_CC11_X_CC113,NSA,I10,ES	: 	: 	48.7 e	39.4 	36.4 	34.1 	62.8 	85.0 	100.0 	143.7 e	292.7 e	682.1 e	803.2 e	659.6 e	594.0 e	514.7 e	440.7 e	430.4 e	480.5 e	427.4 e	381.4 e	319.0 e	278.6 e	295.1 e	: 	: 	: 
PNUM,F_CC11_X_CC113,NSA,I10,EU28	: 	: 	103.4 	92.1 	85.2 	80.5 	86.2 	99.5 	100.0 	102.9 	144.2 	223.9 	250.4 	227.6 	212.0 	190.2 	170.9 s	168.6 s	180.5 s	179.6 s	175.9 s	166.9 s	163.7 s	172.6 s	: 	: 	: 
PNUM,F_CC11_X_CC113,NSA,I10,FI	: 	: 	120.4 	95.2 	90.5 	80.7 	96.2 	105.1 	100.0 	79.1 	77.8 	97.4 	108.5 	112.8 	103.4 	105.4 	91.6 	85.6 	106.0 	111.4 	99.5 	94.1 	72.5 	53.3 	: 	: 	: 
PNUM,F_CC11_X_CC113,NSA,I10,FR	: 	104.5 e	96.6 e	84.2 e	79.6 e	88.5 e	100.8 e	108.6 e	100.0 e	79.8 e	99.9 e	119.9 e	126.4 e	115.7 e	105.0 e	86.8 e	79.0 e	79.6 e	82.0 e	74.3 e	92.2 e	68.4 e	67.4 e	67.7 e	79.6 e	: 	: 
PNUM,F_CC11_X_CC113,NSA,I10,HR	: 	93.6 	69.4 	52.1 	58.4 	57.5 	73.4 	100.9 	100.0 	126.3 	185.0 	186.5 	192.4 	175.3 	153.3 	160.1 	147.2 	136.1 	91.4 	: 	: 	: 	: 	: 	: 	: 	: 
PNUM,F_CC11_X_CC113,NSA,I10,HU	: 	: 	181.3 	70.5 	54.5 	41.8 	57.3 	67.9 	100.0 	162.8 	247.1 	248.1 	248.7 e	287.4 e	318.7 e	313.7 e	264.0 e	258.6 e	237.6 e	158.7 s	124.3 s	: 	: 	: 	: 	: 	: 
PNUM,F_CC11_X_CC113,NSA,I10,IE	: 	: 	88.6 	70.6 	40.1 	39.0 	33.8 	63.0 	100.0 	219.5 	365.8 	456.7 	426.2 	537.7 	550.1 	424.0 	375.1 	424.5 	493.8 	414.5 	: 	: 	: 	: 	: 	: 	: 
PNUM,F_CC11_X_CC113,NSA,I10,IT	: 	: 	37.6 p	35.9 	39.2 	44.7 	68.7 	94.1 	100.0 	118.6 	160.6 	209.6 	219.0 	233.3 	224.8 	192.2 	175.2 	158.3 	154.4 	: c	: c	: c	: c	: c	: 	: 	: 
PNUM,F_CC11_X_CC113,NSA,I10,LT	: 	197.0 	201.1 	163.9 	136.7 	143.5 	121.1 	87.6 	100.0 	90.8 e	191.5 e	231.1 e	198.5 e	141.0 e	100.5 e	73.8 e	51.1 	45.6 	45.6 	50.8 	: 	: 	: 	: 	: 	: 	: 
PNUM,F_CC11_X_CC113,NSA,I10,LU	: 	: 	132.5 	109.9 	160.1 	99.8 	117.8 	119.0 	100.0 	99.7 	108.9 	133.5 	119.3 	126.8 	104.6 	88.5 	79.3 	75.9 	90.9 	: 	: 	: 	: 	: 	: 	: 	: 
PNUM,F_CC11_X_CC113,NSA,I10,LV	: 	109.5 	93.3 	75.7 	85.8 	151.1 	116.6 	94.8 	100.0 	117.8 e	196.2 e	503.7 e	477.9 e	360.9 e	221.8 e	137.6 e	62.4 e	40.0 e	: c	: 	: 	: 	: 	: 	: 	: 	: 
PNUM,F_CC11_X_CC113,NSA,I10,ME	: 	: 	107.6 	107.2 	105.5 	117.9 	128.1 	111.9 	100.0 	130.1 e	101.1 e	78.5 e	55.9 e	47.3 e	73.5 e	43.8 e	55.2 e	45.9 e	58.1 e	: 	: 	: 	: 	: 	: 	: 	: 
PNUM,F_CC11_X_CC113,NSA,I10,MK	: 	144.4 	142.5 	112.3 	99.2 	86.8 	134.1 	114.3 	100.0 	88.7 	98.1 	: 	: 	: 	: 	: 	: 	: 	: 	: 	: 	: 	: 	: 	: 	: 	: 
PNUM,F_CC11_X_CC113,NSA,I10,MT	: 	: 	168.9 	88.8 	66.1 	60.9 	68.9 	89.0 	100.0 	119.2 	153.8 	255.2 	234.0 	204.3 	150.9 	137.9 	123.3 	94.1 	89.3 	: 	: 	: 	: 	: 	: 	: 	: 
PNUM,F_CC11_X_CC113,NSA,I10,NL	: 	110.4 	85.7 	87.7 	64.5 	42.9 	61.2 	91.4 	100.0 	119.0 	142.9 	144.1 	158.0 	136.5 	124.8 	118.7 	110.1 	102.1 	128.7 	138.0 	143.7 	166.3 	165.7 	161.2 	: 	: 	: 
PNUM,F_CC11_X_CC113,NSA,I10,NO	: 	163.6 	158.8 	134.9 	129.8 	138.0 	137.0 	137.1 	100.0 	102.2 	115.4 	158.5 	169.6 	171.1 	149.8 	110.2 	121.3 	121.3 	118.9 	: 	: 	: 	: 	: 	: 	: 	: 
PNUM,F_CC11_X_CC113,NSA,I10,PL	: 	: 	123.5 	110.0 	90.7 	79.6 	94.8 	106.1 	100.0 	102.0 	133.5 	143.4 	97.2 	70.2 	64.1 	56.1 	47.5 	83.8 	87.9 	: 	: 	: 	: 	: 	: 	: 	: 
PNUM,F_CC11_X_CC113,NSA,I10,PT	: 	58.1 	47.1 	33.8 	28.7 	30.6 	46.9 	70.2 	100.0 	109.0 	190.3 e	262.0 e	282.2 e	294.7 e	297.6 e	341.3 e	367.5 e	432.3 e	481.3 e	501.4 s	458.5 s	406.9 s	360.3 s	329.5 s	: 	: 	: 
PNUM,F_CC11_X_CC113,NSA,I10,RO	: 	98.6 	91.6 	92.7 	89.3 	89.5 	89.7 	93.4 	100.0 	115.7 	144.8 	134.2 	121.0 	103.2 	81.4 	65.5 	72.0 	81.7 	74.6 	: 	: 	: 	: 	: 	: 	: 	: 
PNUM,F_CC11_X_CC113,NSA,I10,RS	: 	: 	117.9 	93.6 	72.4 	71.3 	99.3 	107.8 	100.0 	122.6 	140.9 	130.8 	96.9 e	99.7 e	94.2 e	87.2 e	65.5 e	67.2 e	64.3 e	: 	: 	: 	: 	: 	: 	: 	: 
PNUM,F_CC11_X_CC113,NSA,I10,SE	: 	: 	212.1 p	175.7 p	133.5 p	111.5 p	88.8 p	101.6 p	100.0 p	77.7 p	88.2 p	103.3 p	157.0 p	113.1 p	96.4 p	79.6 p	58.6 p	62.8 p	58.9 p	47.8 s	43.4 s	41.0 s	35.7 s	: 	: 	: 	: 
PNUM,F_CC11_X_CC113,NSA,I10,SI	: 	63.1 p	61.1 	55.9 	55.5 	65.8 	66.0 	78.7 	100.0 	122.8 	174.5 	214.4 	175.6 	148.1 	144.6 	120.7 	102.0 	104.2 	103.1 	109.3 	108.8 	: 	: 	: 	: 	: 	: 
PNUM,F_CC11_X_CC113,NSA,I10,SK	: 	: 	139.8 	122.0 	98.9 	91.1 	80.3 	80.5 	100.0 	125.2 	179.4 	112.4 	124.6 	120.8 	99.4 	64.4 	: 	: 	: 	: 	: 	: 	: 	: 	: 	: 	: 
PNUM,F_CC11_X_CC113,NSA,I10,TR	: 	145.8 	110.4 	99.0 	113.8 	92.6 	85.0 	71.8 	100.0 	57.2 	55.5 	64.4 	66.2 	60.4 	36.5 	22.4 	17.9 	30.9 	34.8 	37.5 	47.8 	51.3 	50.2 	57.3 	57.9 	60.6 	52.2 
PNUM,F_CC11_X_CC113,NSA,I10,UK	: 	: 	134.4 p	128.9 p	122.0 p	107.7 p	90.0 	99.4 	100.0 	82.1 	101.8 	168.3 	160.9 	162.9 	163.7 	148.9 	138.9 	139.0 	135.6 	137.0 	134.9 	: 	: 	: 	: 	: 	: 
PNUM,F_CC11_X_CC113,NSA,I15,AL	1583.3 	1083.3 	614.6 	100.0 	: 	: 	: 	: 	: 	: 	: 	: 	: 	: 	: 	: 	: 	: 	: 	: 	: 	: 	: 	: 	: 	: 	: 
PNUM,F_CC11_X_CC113,NSA,I15,AT	107.0 e	128.8 e	116.9 e	100.0 p	97.4 p	91.0 	79.9 	89.9 	75.7 	74.8 	75.1 	74.6 	76.4 	70.8 	: c	: c	: c	: c	: c	: 	: 	: 	: 	: 	: 	: 	: 
PNUM,F_CC11_X_CC113,NSA,I15,BA	122.1 	116.4 	106.6 	100.0 	80.8 	66.0 	: 	: 	: 	: 	: 	: 	: 	: 	: 	: 	: 	: 	: 	: 	: 	: 	: 	: 	: 	: 	: 
PNUM,F_CC11_X_CC113,NSA,I15,BE	136.2 p	110.0 p	111.4 p	100.0 	119.1 	107.1 	102.0 	96.7 	110.6 	100.2 	115.3 	118.1 	133.6 	129.3 	113.2 	98.4 	91.3 	90.2 	92.7 	99.5 	83.0 	109.4 	106.3 	98.7 s	: 	: 	: 
PNUM,F_CC11_X_CC113,NSA,I15,BG	205.8 	144.6 	105.2 	100.0 	91.8 	71.1 	61.5 	63.6 	74.3 	116.8 	286.2 	371.8 	307.3 	190.5 	123.2 	61.0 	50.5 	41.1 	29.2 	: 	: 	: 	: 	: 	: 	: 	: 
PNUM,F_CC11_X_CC113,NSA,I15,CY	194.0 	154.5 	114.1 	100.0 	89.3 	129.5 	183.9 	276.5 	447.7 	522.0 	628.2 	640.8 	591.6 	587.1 	492.4 	373.9 	254.2 	215.7 	190.4 	: 	: 	: 	: 	: 	: 	: 	: 
PNUM,F_CC11_X_CC113,NSA,I15,CZ	127.2 	123.0 	104.2 	100.0 	90.9 	84.0 	90.0 	106.4 	107.8 	141.3 	169.1 	169.3 	167.2 	156.3 	151.9 	141.4 	126.0 	108.1 	124.0 	: 	: 	: 	: 	: 	: 	: 	: 
PNUM,F_CC11_X_CC113,NSA,I15,DE	115.4 	113.1 	115.6 	100.0 	93.2 	90.1 	80.2 	77.7 	64.0 	60.1 e	58.5 e	61.7 e	85.4 e	83.3 e	93.2 e	104.0 e	96.0 e	102.3 e	120.2 e	173.3 e	189.2 e	210.0 e	228.3 e	253.1 e	282.3 e	: 	: 
PNUM,F_CC11_X_CC113,NSA,I15,DK	143.5 e	124.8 e	132.4 e	100.0 e	71.3 e	51.5 e	53.7 e	74.3 e	66.8 e	34.3 e	64.6 e	93.8 e	151.0 e	150.2 e	121.4 e	112.5 e	101.0 e	84.3 e	70.8 e	71.3 e	73.9 e	: 	: 	: 	: 	: 	: 
PNUM,F_CC11_X_CC113,NSA,I15,EA19	129.9 	124.2 	113.5 	100.0 	95.6 	97.4 	117.9 	141.5 	145.0 	159.5 	229.8 	358.2 	402.9 	375.1 	348.0 	309.3 	277.9 s	269.8 s	289.9 s	282.3 s	274.1 s	260.0 s	256.7 s	271.1 s	: 	: 	: 
PNUM,F_CC11_X_CC113,NSA,I15,EE	125.1 	141.0 	107.7 	100.0 	70.5 	54.6 	54.3 	50.6 	46.2 	37.2 	97.9 	159.7 	230.2 	163.8 	169.1 	61.2 	56.5 	25.6 	19.3 	17.7 	20.3 	: 	: 	: 	: 	: 	: 
PNUM,F_CC11_X_CC113,NSA,I15,EL	175.9 	123.9 	103.5 	100.0 	104.6 	128.8 	224.9 	410.1 	749.4 	896.5 	1205.3 	1567.5 	1931.7 	3184.0 	1894.6 	1993.6 	2003.7 	1655.9 	1342.8 s	1318.0 s	1453.2 s	1320.9 s	1252.4 s	1005.1 s	: 	: 	: 
PNUM,F_CC11_X_CC113,NSA,I15,ES	191.8 	154.4 p	123.7 e	100.0 	92.4 	86.6 	159.4 	215.8 	253.8 	364.6 e	742.9 e	1731.0 e	2038.3 e	1674.0 e	1507.3 e	1306.2 e	1118.4 e	1092.2 e	1219.3 e	1084.7 e	967.8 e	809.6 e	707.1 e	748.8 e	: 	: 	: 
PNUM,F_CC11_X_CC113,NSA,I15,EU28	126.6 	123.7 	113.3 	100.0 	93.7 	91.8 	104.5 	124.2 	126.7 	134.9 	191.5 	294.2 	326.9 	305.1 	284.2 	253.2 	227.7 s	222.3 s	235.9 s	229.7 s	223.1 s	211.6 s	208.8 s	220.5 s	: 	: 	: 
PNUM,F_CC11_X_CC113,NSA,I15,FI	134.5 	150.9 	126.6 	100.0 	94.7 	84.4 	100.7 	109.9 	104.6 	82.8 	81.3 	101.9 	113.5 	118.0 	108.3 	110.3 	95.9 	89.6 	110.9 	116.4 	104.0 	98.4 	76.0 	55.8 	: 	: 	: 
PNUM,F_CC11_X_CC113,NSA,I15,FR	113.8 	122.0 	114.8 	100.0 	93.1 	106.3 	119.4 	130.8 	118.7 	93.7 	119.6 	144.9 	153.0 	141.2 	127.7 	106.7 	97.6 	97.7 	101.0 	92.3 	114.5 	86.3 	85.1 	85.6 	100.2 	: 	: 
PNUM,F_CC11_X_CC113,NSA,I15,HR	168.9 	179.6 	133.1 	100.0 	112.1 	110.2 	140.9 	193.6 	191.8 	242.2 	354.8 	357.7 	369.0 	336.3 	294.1 	307.0 	282.4 	261.0 	175.4 	: 	: 	: 	: 	: 	: 	: 	: 
PNUM,F_CC11_X_CC113,NSA,I15,HU	302.4 	312.3 	257.1 	100.0 	77.4 	59.2 	81.3 	96.3 	141.8 	230.9 	350.6 	352.0 	352.8 e	407.6 e	452.0 e	445.0 e	374.5 e	366.8 e	337.0 e	225.1 s	176.3 s	: 	: 	: 	: 	: 	: 
PNUM,F_CC11_X_CC113,NSA,I15,IE	224.2 	159.3 	125.5 	100.0 	56.8 	55.2 	47.9 	89.3 	141.7 	310.9 	518.1 	647.0 	603.8 	761.7 	779.3 	600.7 	531.4 	601.4 	699.5 	587.2 	: 	: 	: 	: 	: 	: 	: 
PNUM,F_CC11_X_CC113,NSA,I15,IT	128.0 p	120.8 	103.9 	100.0 	109.0 	124.4 	191.2 	261.9 	278.2 	329.9 	446.8 	583.1 	609.2 	649.1 	625.3 	534.8 	487.5 	440.4 	429.7 	: c	: c	: c	: c	: c	: 	: 	: 
PNUM,F_CC11_X_CC113,NSA,I15,LT	122.9 	119.3 	122.2 	100.0 	82.9 	88.1 	74.3 	53.8 	61.4 	55.7 e	117.5 e	141.9 e	121.9 e	86.5 e	61.7 e	45.3 e	31.3 	28.0 	28.0 	31.2 	: 	: 	: 	: 	: 	: 	: 
PNUM,F_CC11_X_CC113,NSA,I15,LU	137.3 	123.6 	120.6 	100.0 	145.7 	90.8 	107.2 	108.3 	91.0 	90.7 	99.2 	121.5 	108.6 	115.5 	95.2 	80.5 	72.2 	69.1 	82.7 	: 	: 	: 	: 	: 	: 	: 	: 
PNUM,F_CC11_X_CC113,NSA,I15,LV	167.6 	143.1 	122.0 	100.0 	112.1 	197.5 	152.4 	124.0 	130.9 	: c	: c	: c	: c	: c	: c	: c	: c	: c	: c	: 	: 	: 	: 	: 	: 	: 	: 
PNUM,F_CC11_X_CC113,NSA,I15,ME	78.1 	148.3 	100.4 	100.0 	98.4 	110.0 	119.5 	104.3 	93.3 	121.3 e	94.3 e	73.2 e	52.2 e	44.1 e	68.5 e	40.9 e	51.5 e	42.8 e	54.2 e	: 	: 	: 	: 	: 	: 	: 	: 
PNUM,F_CC11_X_CC113,NSA,I15,MK	117.4 	128.6 	126.9 	100.0 	88.4 	77.3 	119.4 	101.8 	89.1 	79.0 	87.3 	: 	: 	: 	: 	: 	: 	: 	: 	: 	: 	: 	: 	: 	: 	: 	: 
PNUM,F_CC11_X_CC113,NSA,I15,MT	326.5 	248.8 	190.2 	100.0 	74.4 	68.5 	77.6 	100.2 	112.6 	134.2 	173.2 	287.4 	263.5 	230.1 	169.9 	155.3 	138.9 	105.9 	100.6 	: 	: 	: 	: 	: 	: 	: 	: 
PNUM,F_CC11_X_CC113,NSA,I15,NL	129.3 	125.9 	97.7 	100.0 	73.5 	48.9 	69.8 	104.2 	114.0 	135.7 	162.9 	164.2 	180.2 	155.6 	142.3 	135.3 	125.5 	116.4 	146.8 	157.3 	163.8 	189.6 	188.9 	183.8 	: 	: 	: 
PNUM,F_CC11_X_CC113,NSA,I15,NO	117.8 	121.3 	117.7 	100.0 	96.2 	102.3 	101.6 	101.7 	74.1 	75.8 	85.5 	117.5 	125.7 	126.9 	111.1 	81.7 	90.0 	89.9 	88.2 	: 	: 	: 	: 	: 	: 	: 	: 
PNUM,F_CC11_X_CC113,NSA,I15,PL	138.2 	133.8 	112.2 	100.0 	82.5 	72.4 	86.1 	96.4 	90.9 	92.7 	121.3 	130.3 	88.4 	63.8 	58.3 	51.0 	43.2 	76.2 	79.9 	: 	: 	: 	: 	: 	: 	: 	: 
PNUM,F_CC11_X_CC113,NSA,I15,PT	245.8 	172.5 	139.2 	100.0 	84.9 	90.4 	138.8 	207.7 	295.7 	322.4 	562.7 e	774.6 e	834.5 e	871.5 e	879.9 e	1009.4 e	1086.8 e	1278.3 e	1423.4 e	1482.6 s	1355.9 s	1203.2 s	1065.5 s	974.5 s	: 	: 	: 
PNUM,F_CC11_X_CC113,NSA,I15,RO	109.2 	106.4 	98.8 	100.0 	96.3 	96.6 	96.8 	100.8 	107.9 	124.9 	156.2 	144.8 	130.5 	111.3 	87.8 	70.7 	77.7 	88.1 	80.5 	: 	: 	: 	: 	: 	: 	: 	: 
PNUM,F_CC11_X_CC113,NSA,I15,RS	184.8 	168.9 	126.0 	100.0 	77.4 	76.2 	106.2 	115.2 	106.9 	131.1 	150.5 	139.8 	103.5 e	106.6 e	100.6 e	93.2 e	70.0 e	71.9 e	68.7 e	: 	: 	: 	: 	: 	: 	: 	: 
PNUM,F_CC11_X_CC113,NSA,I15,SE	110.9 	133.9 	123.8 	100.0 p	76.0 p	63.5 p	50.5 p	57.8 p	56.9 p	44.2 p	50.2 p	58.8 p	89.4 p	64.4 p	54.8 p	45.3 p	33.3 p	35.7 p	33.5 p	27.2 s	24.7 s	23.3 s	20.3 s	: 	: 	: 	: 
PNUM,F_CC11_X_CC113,NSA,I15,SI	136.2 	116.8 	109.2 	100.0 	99.3 	117.6 	117.9 	140.6 	178.8 	219.5 	312.0 	383.3 	313.9 	264.8 	258.5 	215.7 	182.3 	186.3 	184.3 	195.4 	194.6 	: 	: 	: 	: 	: 	: 
PNUM,F_CC11_X_CC113,NSA,I15,SK	116.6 	104.7 	114.6 	100.0 	81.1 	74.7 	65.8 	66.0 	82.0 	102.7 	147.1 	92.1 	102.2 	99.1 	81.5 	52.8 	: 	: 	: 	: 	: 	: 	: 	: 	: 	: 	: 
PNUM,F_CC11_X_CC113,NSA,I15,TR	73.7 	155.5 	112.2 	100.0 	115.0 	93.6 	85.9 	72.5 	101.0 	57.8 	56.1 	65.0 	66.9 	61.0 	36.9 	22.6 	18.1 	31.2 	35.2 	37.9 	48.3 	51.8 	50.7 	57.9 	58.5 	61.2 	52.8 
PNUM,F_CC11_X_CC113,NSA,I15,UK	105.6 p	110.9 p	104.3 p	100.0 p	94.7 p	83.6 p	69.9 	77.2 	77.6 	63.7 	79.0 	130.6 	124.8 	126.4 	127.0 	115.5 	107.8 	107.9 	105.2 	106.3 	104.7 	: 	: 	: 	: 	: 	: 
PNUM,F_CC11_X_CC113,NSA,PCH_SM,AL	46.2 	76.3 	514.6 	: 	: 	: 	: 	: 	: 	: 	: 	: 	: 	: 	: 	: 	: 	: 	: 	: 	: 	: 	: 	: 	: 	: 	: 
PNUM,F_CC11_X_CC113,NSA,PCH_SM,AT	-16.9 e	10.2 e	16.9 ep	2.7 p	7.0 p	13.9 	-11.1 	18.8 	1.2 	-0.4 	0.7 	-2.4 	7.9 	: c	: c	: c	: c	: c	: 	: 	: 	: 	: 	: 	: 	: 	: 
PNUM,F_CC11_X_CC113,NSA,PCH_SM,BA	4.9 	9.2 	6.6 	23.8 	22.4 	: 	: 	: 	: 	: 	: 	: 	: 	: 	: 	: 	: 	: 	: 	: 	: 	: 	: 	: 	: 	: 	: 
PNUM,F_CC11_X_CC113,NSA,PCH_SM,BE	23.8 p	-1.3 p	11.4 p	-16.0 	11.2 	5.0 	5.5 	-12.6 	10.4 	-13.1 	-2.4 	-11.6 	3.3 	14.2 	15.0 	7.8 	1.2 	-2.7 	-6.8 	19.9 	-24.1 	2.9 	7.7 s	: 	: 	: 	: 
PNUM,F_CC11_X_CC113,NSA,PCH_SM,BG	42.3 	37.5 	5.2 	8.9 	29.1 	15.6 	-3.3 	-14.4 	-36.4 	-59.2 	-23.0 	21.0 	61.3 	54.6 	102.0 	20.8 	22.9 	40.8 	: 	: 	: 	: 	: 	: 	: 	: 	: 
PNUM,F_CC11_X_CC113,NSA,PCH_SM,CY	25.6 	35.4 	14.1 	12.0 	-31.0 	-29.6 	-33.5 	-38.2 	-14.2 	-16.9 	-2.0 	8.3 	0.8 	19.2 	31.7 	47.1 	17.8 	13.3 	: 	: 	: 	: 	: 	: 	: 	: 	: 
PNUM,F_CC11_X_CC113,NSA,PCH_SM,CZ	3.4 	18.0 	4.2 	10.0 	8.2 	-6.7 	-15.4 	-1.3 	-23.7 	-16.4 	-0.1 	1.3 	7.0 	2.9 	7.4 	12.2 	16.6 	-12.8 	: 	: 	: 	: 	: 	: 	: 	: 	: 
PNUM,F_CC11_X_CC113,NSA,PCH_SM,DE	2.0 	-2.2 	15.6 	7.3 	3.4 	12.3 	3.2 	21.4 	6.5 e	2.7 e	-5.2 e	-27.8 e	2.5 e	-10.6 e	-10.4 e	8.3 e	-6.2 e	-14.9 e	-30.6 e	-8.4 e	-9.9 e	-8.0 e	-9.8 e	-10.3 e	: 	: 	: 
PNUM,F_CC11_X_CC113,NSA,PCH_SM,DK	15.0 e	-5.7 e	32.4 e	40.3 e	38.4 e	-4.1 e	-27.7 e	11.2 e	94.8 e	-46.9 e	-31.1 e	-37.9 e	0.5 e	23.7 e	7.9 e	11.4 e	19.8 e	19.1 e	-0.7 e	-3.5 e	: 	: 	: 	: 	: 	: 	: 
PNUM,F_CC11_X_CC113,NSA,PCH_SM,EA19	4.6 	9.4 	13.5 	4.6 	-1.8 	-17.4 	-16.7 	-2.4 	-9.1 	-30.6 	-35.8 	-11.1 	7.4 	7.8 	12.5 	11.3 s	3.0 s	-6.9 s	2.7 s	3.0 s	5.4 s	1.3 s	-5.3 s	-11.3 s	: 	: 	: 
PNUM,F_CC11_X_CC113,NSA,PCH_SM,EE	-11.3 	30.9 	7.7 	41.8 	29.1 	0.6 	7.3 	9.5 	24.2 	-62.0 	-38.7 	-30.6 	40.5 	-3.1 	176.3 	8.3 	120.7 	32.6 	9.0 	-12.8 	: 	: 	: 	: 	: 	: 	: 
PNUM,F_CC11_X_CC113,NSA,PCH_SM,EL	42.0 	19.7 	3.5 	-4.4 	-18.8 	-42.7 	-45.2 	-45.3 	-16.4 	-25.6 	-23.1 	-18.9 	-39.3 	68.1 	-5.0 	-0.5 	21.0 	23.3 s	1.9 s	-9.3 s	10.0 s	5.5 s	24.6 s	: 	: 	: 	: 
PNUM,F_CC11_X_CC113,NSA,PCH_SM,ES	24.2 p	24.8 ep	23.7 e	8.2 	6.7 	-45.7 	-26.1 	-15.0 	-30.4 e	-50.9 e	-57.1 e	-15.1 e	21.8 e	11.1 e	15.4 e	16.8 e	2.4 e	-10.4 e	12.4 e	12.1 e	19.5 e	14.5 e	-5.6 e	: 	: 	: 	: 
PNUM,F_CC11_X_CC113,NSA,PCH_SM,EU28	2.3 	9.2 	13.3 	6.7 	2.1 	-12.2 	-15.9 	-2.0 	-6.1 	-29.6 	-34.9 	-10.0 	7.1 	7.4 	12.2 	11.2 s	2.4 s	-5.8 s	2.7 s	3.0 s	5.4 s	1.3 s	-5.3 s	: 	: 	: 	: 
PNUM,F_CC11_X_CC113,NSA,PCH_SM,FI	-10.9 	19.2 	26.6 	5.6 	12.2 	-16.2 	-8.4 	5.1 	26.3 	1.8 	-20.2 	-10.2 	-3.8 	9.0 	-1.8 	15.0 	7.0 	-19.2 	-4.7 	11.9 	5.7 	29.5 	36.2 	: 	: 	: 	: 
PNUM,F_CC11_X_CC113,NSA,PCH_SM,FR	-6.7 	6.3 	14.8 	7.4 	-12.4 	-11.0 	-8.7 	10.2 	26.7 	-21.7 	-17.5 	-5.3 	8.4 	10.6 	19.7 	9.3 	-0.1 	-3.3 	9.4 	-19.4 	32.7 	1.4 	-0.6 	-14.6 	: 	: 	: 
PNUM,F_CC11_X_CC113,NSA,PCH_SM,HR	-6.0 	34.9 	33.1 	-10.8 	1.7 	-21.8 	-27.2 	0.9 	-20.8 	-31.7 	-0.8 	-3.1 	9.7 	14.3 	-4.2 	8.7 	8.2 	48.8 	: 	: 	: 	: 	: 	: 	: 	: 	: 
PNUM,F_CC11_X_CC113,NSA,PCH_SM,HU	-3.2 	21.5 	157.1 	29.2 	30.7 	-27.2 	-15.6 	-32.1 	-38.6 	-34.1 	-0.4 	-0.2 e	-13.4 e	-9.8 e	1.6 e	18.8 e	2.1 e	8.8 e	49.7 s	27.7 s	: 	: 	: 	: 	: 	: 	: 
PNUM,F_CC11_X_CC113,NSA,PCH_SM,IE	40.7 	26.9 	25.5 	76.1 	2.9 	15.2 	-46.4 	-37.0 	-54.4 	-40.0 	-19.9 	7.2 	-20.7 	-2.3 	29.7 	13.0 	-11.6 	-14.0 	19.1 	: 	: 	: 	: 	: 	: 	: 	: 
PNUM,F_CC11_X_CC113,NSA,PCH_SM,IT	6.0 p	16.3 	3.9 	-8.3 	-12.4 	-34.9 	-27.0 	-5.9 	-15.7 	-26.2 	-23.4 	-4.3 	-6.1 	3.8 	16.9 	9.7 	10.7 	2.5 	: c	: c	: c	: c	: c	: 	: 	: 	: 
PNUM,F_CC11_X_CC113,NSA,PCH_SM,LT	3.0 	-2.4 	22.2 	20.6 	-5.9 	18.6 	38.1 	-12.4 	10.2 e	-52.6 e	-17.2 e	16.4 e	40.9 e	40.2 e	36.2 e	44.7 e	11.8 	0.0 	-10.3 	: 	: 	: 	: 	: 	: 	: 	: 
PNUM,F_CC11_X_CC113,NSA,PCH_SM,LU	11.1 	2.5 	20.6 	-31.4 	60.5 	-15.3 	-1.0 	19.0 	0.3 	-8.6 	-18.4 	11.9 	-6.0 	21.3 	18.3 	11.5 	4.5 	-16.4 	: 	: 	: 	: 	: 	: 	: 	: 	: 
PNUM,F_CC11_X_CC113,NSA,PCH_SM,LV	17.1 	17.3 	22.0 	-10.8 	-43.2 	29.6 	22.9 	-5.3 	: c	: c	: c	: c	: c	: c	: c	: c	: c	: c	: 	: 	: 	: 	: 	: 	: 	: 	: 
PNUM,F_CC11_X_CC113,NSA,PCH_SM,ME	-47.3 	47.7 	0.4 	1.6 	-10.5 	-7.9 	14.6 	11.8 	-23.1 e	28.6 e	28.8 e	40.2 e	18.4 e	-35.6 e	67.5 e	-20.6 e	20.3 e	-21.0 e	: 	: 	: 	: 	: 	: 	: 	: 	: 
PNUM,F_CC11_X_CC113,NSA,PCH_SM,MK	-8.7 	1.3 	26.9 	13.1 	14.4 	-35.3 	17.3 	14.3 	12.8 	-9.5 	: 	: 	: 	: 	: 	: 	: 	: 	: 	: 	: 	: 	: 	: 	: 	: 	: 
PNUM,F_CC11_X_CC113,NSA,PCH_SM,MT	31.2 	30.8 	90.2 	34.4 	8.6 	-11.7 	-22.6 	-11.0 	-16.1 	-22.5 	-39.7 	9.1 	14.5 	35.4 	9.4 	11.8 	31.2 	5.3 	: 	: 	: 	: 	: 	: 	: 	: 	: 
PNUM,F_CC11_X_CC113,NSA,PCH_SM,NL	2.7 	28.9 	-2.3 	36.1 	50.3 	-29.9 	-33.0 	-8.6 	-16.0 	-16.7 	-0.8 	-8.9 	15.8 	9.3 	5.2 	7.8 	7.8 	-20.7 	-6.7 	-4.0 	-13.6 	0.4 	2.8 	: 	: 	: 	: 
PNUM,F_CC11_X_CC113,NSA,PCH_SM,NO	-2.9 	3.1 	17.7 	4.0 	-6.0 	0.7 	-0.1 	37.2 	-2.2 	-11.3 	-27.2 	-6.5 	-0.9 	14.2 	36.0 	-9.2 	0.1 	1.9 	: 	: 	: 	: 	: 	: 	: 	: 	: 
PNUM,F_CC11_X_CC113,NSA,PCH_SM,PL	3.3 	19.3 	12.2 	21.2 	14.0 	-15.9 	-10.7 	6.1 	-1.9 	-23.6 	-6.9 	47.4 	38.6 	9.4 	14.3 	18.1 	-43.3 	-4.6 	: 	: 	: 	: 	: 	: 	: 	: 	: 
PNUM,F_CC11_X_CC113,NSA,PCH_SM,PT	42.5 	23.9 	39.2 	17.8 	-6.1 	-34.9 	-33.2 	-29.8 	-8.3 	-42.7 e	-27.4 e	-7.2 e	-4.2 e	-1.0 e	-12.8 e	-7.1 e	-15.0 e	-10.2 e	-4.0 s	9.3 s	12.7 s	12.9 s	9.3 s	: 	: 	: 	: 
PNUM,F_CC11_X_CC113,NSA,PCH_SM,RO	2.6 	7.7 	-1.2 	3.8 	-0.3 	-0.2 	-4.0 	-6.6 	-13.6 	-20.0 	7.9 	11.0 	17.3 	26.8 	24.2 	-9.0 	-11.8 	9.4 	: 	: 	: 	: 	: 	: 	: 	: 	: 
PNUM,F_CC11_X_CC113,NSA,PCH_SM,RS	9.4 	34.0 	26.0 	29.2 	1.6 	-28.2 	-7.8 	7.8 	-18.5 	-12.9 	7.7 	35.1 e	-2.9 e	6.0 e	7.9 e	33.1 e	-2.6 e	4.7 e	: 	: 	: 	: 	: 	: 	: 	: 	: 
PNUM,F_CC11_X_CC113,NSA,PCH_SM,SE	-17.2 	8.2 	23.8 p	31.6 p	19.7 p	25.7 p	-12.6 p	1.6 p	28.7 p	-12.0 p	-14.6 p	-34.2 p	38.8 p	17.5 p	21.0 p	36.0 p	-6.7 p	6.6 p	23.2 ps	10.1 s	6.0 s	14.8 s	: 	: 	: 	: 	: 
PNUM,F_CC11_X_CC113,NSA,PCH_SM,SI	16.6 	7.0 	9.2 	0.7 	-15.6 	-0.3 	-16.1 	-21.4 	-18.5 	-29.6 	-18.6 	22.1 	18.5 	2.4 	19.8 	18.3 	-2.1 	1.1 	-5.7 	0.4 	: 	: 	: 	: 	: 	: 	: 
PNUM,F_CC11_X_CC113,NSA,PCH_SM,SK	11.4 	-8.6 	14.6 	23.3 	8.6 	13.5 	-0.3 	-19.5 	-20.2 	-30.2 	59.7 	-9.9 	3.1 	21.6 	54.4 	: 	: 	: 	: 	: 	: 	: 	: 	: 	: 	: 	: 
PNUM,F_CC11_X_CC113,NSA,PCH_SM,TR	-52.6 	38.6 	12.2 	-13.0 	22.9 	9.0 	18.5 	-28.2 	74.7 	3.0 	-13.7 	-2.8 	9.7 	65.3 	63.3 	24.9 	-42.0 	-11.4 	-7.1 	-21.5 	-6.8 	2.2 	-12.4 	-1.0 	-4.4 	15.9 	: 
PNUM,F_CC11_X_CC113,NSA,PCH_SM,UK	-4.8 p	6.3 p	4.3 p	5.6 p	13.3 p	19.6 p	-9.5 	-0.5 	21.8 	-19.4 	-39.5 	4.6 	-1.3 	-0.5 	10.0 	7.1 	-0.1 	2.6 	-1.0 	1.5 	: 	: 	: 	: 	: 	: 	: 
PSQM,F_CC1,NSA,I10,AT	: 	: 	112.7 e	113.9 e	112.0 e	104.1 	98.0 	116.6 	100.0 	93.4 	98.8 	92.3 	91.8 	79.4 	: 	: 	: 	: 	: 	: 	: 	: 	: 	: 	: 	: 	: 
PSQM,F_CC1,NSA,I10,BE	: 	: 	90.5 p	90.1 	100.7 	98.6 	99.4 	95.1 	100.0 	99.3 	109.1 	110.4 	112.8 	110.4 	103.5 	87.2 	89.8 	102.0 	103.0 	110.5 	95.2 	103.3 	103.1 	: 	: 	: 	: 
PSQM,F_CC1,NSA,I10,BG	: 	164.1 	136.3 	123.6 	102.9 	98.2 	89.5 	103.4 	100.0 	143.3 	283.6 	341.1 	276.9 	201.8 	151.4 	91.8 	60.8 	49.1 	39.9 	: 	: 	: 	: 	: 	: 	: 	: 
PSQM,F_CC1,NSA,I10,CY	: 	: 	35.9 	30.1 	26.7 	35.5 	51.7 	77.6 	100.0 	108.0 	127.1 	124.5 	120.8 	117.9 	103.9 	89.3 	75.0 	68.8 	56.8 	: 	: 	: 	: 	: 	: 	: 	: 
PSQM,F_CC1,NSA,I10,CZ	: 	: 	98.7 	88.0 	75.7 	76.1 	89.1 	90.6 	100.0 	103.2 	138.7 	139.7 	141.1 	121.2 	118.5 	114.2 	100.2 	90.4 	80.6 	: 	: 	: 	: 	: 	: 	: 	: 
PSQM,F_CC1,NSA,I10,DE	: 	: 	134.7 	119.5 	114.4 	116.9 	114.5 	114.1 	100.0 	98.9 	109.9 e	102.8 e	116.0 e	108.4 e	117.2 e	129.1 e	127.2 e	139.6 e	151.6 e	: 	: 	: 	: 	: 	: 	: 	: 
PSQM,F_CC1,NSA,I10,DK	: 	94.3 p	112.9 p	103.3 p	93.0 p	86.9 p	86.7 p	98.8 p	100.0 p	88.4 p	140.5 p	160.8 p	206.2 p	177.9 p	151.4 p	142.7 p	140.5 p	146.5 p	141.4 p	136.1 p	141.6 p	: 	: 	: 	: 	: 	: 
PSQM,F_CC1,NSA,I10,EA19	: 	: 	86.5 	75.3 	71.9 	77.1 	86.6 	99.1 	100.0 	110.7 	149.5 	201.4 	214.9 	194.0 	186.8 s	175.7 s	171.8 s	172.8 s	178.8 s	164.5 s	149.3 s	125.6 s	111.5 s	114.4 s	: 	: 	: 
PSQM,F_CC1,NSA,I10,EE	: 	238.3 	198.7 	201.5 	149.3 	135.8 	150.5 	120.1 	100.0 	125.7 	220.3 	267.7 	287.6 	218.4 	207.5 	116.2 	121.2 	69.4 	57.6 	47.8 	60.4 	: 	: 	: 	: 	: 	: 
PSQM,F_CC1,NSA,I10,EL	: 	: 	17.1 	21.0 	19.0 	22.8 	34.3 	55.2 	100.0 	123.2 	172.4 	210.7 	227.3 	314.7 	215.1 	238.3 	240.4 	204.5 	: 	: 	: 	: 	: 	: 	: 	: 	: 
PSQM,F_CC1,NSA,I10,ES	: 	: 	84.1 e	52.9 	46.7 	57.8 	70.2 	89.3 	100.0 	142.6 e	244.5 e	472.1 e	535.1 e	442.4 e	408.6 e	369.2 e	327.4 e	331.1 e	346.5 e	305.6 e	270.1 e	216.0 e	184.1 e	198.4 e	: 	: 	: 
PSQM,F_CC1,NSA,I10,EU28	: 	: 	95.8 	85.4 	79.7 	80.7 	89.3 	99.3 	100.0 	108.5 	144.0 	187.2 	195.8 	177.5 	171.2 s	160.4 s	155.9 s	158.3 s	161.9 s	152.2 s	142.2 s	119.6 s	106.2 s	108.9 s	: 	: 	: 
PSQM,F_CC1,NSA,I10,FI	: 	: 	87.1 	76.7 	78.6 	86.4 	94.0 	102.0 	100.0 	92.3 	104.7 	123.8 	121.0 	115.5 	105.4 	104.6 	99.5 	97.8 	104.9 	106.0 	98.5 	90.2 	73.3 	60.4 	: 	: 	: 
PSQM,F_CC1,NSA,I10,FR	: 	95.7 e	88.6 e	80.7 e	79.8 e	91.4 e	101.0 e	106.3 e	100.0 e	92.6 e	107.8 e	119.8 e	121.3 e	112.6 e	102.1 e	96.0 e	93.3 e	100.4 e	101.9 e	92.2 e	88.4 e	70.5 e	68.1 e	69.1 e	73.7 e	: 	: 
PSQM,F_CC1,NSA,I10,HR	: 	87.0 	77.7 	74.9 	56.9 	49.6 	61.5 	80.0 	100.0 	115.3 	147.3 	157.8 	147.3 	136.5 	120.0 	117.2 	102.7 	91.2 	62.4 	: 	: 	: 	: 	: 	: 	: 	: 
PSQM,F_CC1,NSA,I10,HU	: 	: 	162.1 	96.5 	74.4 	74.7 	80.1 	75.9 	100.0 	130.4 	180.4 	152.7 	169.1 	176.1 	181.9 	195.8 	161.3 	166.9 	153.5 	126.4 s	125.1 s	: 	: 	: 	: 	: 	: 
PSQM,F_CC1,NSA,I10,IE	: 	: 	106.3 	92.5 	60.6 	63.5 	60.8 	77.5 	100.0 	193.9 	319.6 	456.3 	367.0 	380.4 	356.1 	286.2 	274.4 	308.3 	: c	: 	: 	: 	: 	: 	: 	: 	: 
PSQM,F_CC1,NSA,I10,IT	: 	: 	46.0 p	46.3 	43.9 	49.2 	69.9 	90.4 	100.0 	110.4 	145.8 	166.6 	169.7 	178.8 	192.6 	180.0 	205.7 	172.4 	164.0 	: 	: 	: 	: 	: 	: 	: 	: 
PSQM,F_CC1,NSA,I10,LT	: 	128.3 	134.2 	126.6 	111.2 	122.3 	99.7 	79.6 	100.0 	114.7 e	157.5 e	182.5 e	137.8 e	125.0 e	91.1 e	66.2 e	55.9 	40.0 	42.5 	38.5 	: 	: 	: 	: 	: 	: 	: 
PSQM,F_CC1,NSA,I10,LU	: 	: 	114.4 	145.2 	142.7 	114.1 	112.6 	119.7 	100.0 	101.1 	114.5 	108.3 	108.8 	87.3 	108.0 	107.3 	94.4 	98.4 	99.1 	: 	: 	: 	: 	: 	: 	: 	: 
PSQM,F_CC1,NSA,I10,LV	: 	65.0 	60.4 	61.5 	90.6 	132.5 	95.4 	122.5 	100.0 	79.7 e	160.4 e	278.5 e	240.4 e	179.0 e	136.0 e	77.7 e	69.9 e	38.1 e	36.3 e	: 	: 	: 	: 	: 	: 	: 	: 
PSQM,F_CC1,NSA,I10,ME	: 	: 	139.2 	122.8 	117.0 	107.1 	124.3 	94.0 	100.0 	139.1 e	103.5 e	78.7 e	55.3 e	47.2 e	73.3 e	44.6 e	56.0 e	46.2 e	58.3 e	: 	: 	: 	: 	: 	: 	: 	: 
PSQM,F_CC1,NSA,I10,MK	: 	144.5 	153.3 	120.2 	113.9 	101.8 	133.4 	114.8 	100.0 	90.0 	106.8 	: 	: 	: 	: 	: 	: 	: 	: 	: 	: 	: 	: 	: 	: 	: 	: 
PSQM,F_CC1,NSA,I10,MT	: 	: 	159.7 	112.0 	95.5 	87.1 	66.0 	70.0 	100.0 	86.5 	110.5 	185.2 	171.3 	150.8 	112.3 	104.5 	93.6 	71.5 	85.2 	: 	: 	: 	: 	: 	: 	: 	: 
PSQM,F_CC1,NSA,I10,NL	: 	107.1 	85.2 	77.2 	66.0 	55.7 	70.5 	101.3 	100.0 	123.2 	169.1 	180.7 	166.3 	140.8 	134.2 	127.3 	120.9 	148.8 	166.1 	177.4 	166.8 	163.5 	143.0 	129.9 	: 	: 	: 
PSQM,F_CC1,NSA,I10,NO	: 	113.7 	113.3 	102.4 	102.1 	111.7 	106.9 	105.0 	100.0 	94.5 	106.5 	124.0 	113.3 	105.9 	91.9 	80.3 	83.0 	88.2 	85.4 	: 	: 	: 	: 	: 	: 	: 	: 
PSQM,F_CC1,NSA,I10,PL	: 	: 	119.4 	102.9 	87.7 	88.2 	92.6 	104.2 	100.0 	104.5 	126.6 	129.5 	101.2 	85.8 	81.7 	66.1 	60.7 	117.3 	80.1 	: 	: 	: 	: 	: 	: 	: 	: 
PSQM,F_CC1,NSA,I10,PT	: 	65.9 	58.0 	44.9 	42.1 	47.1 	57.1 	79.9 	100.0 	108.5 	166.1 e	200.8 e	208.7 e	212.1 e	214.9 e	226.9 e	266.9 e	293.8 e	314.7 e	: 	: 	: 	: 	: 	: 	: 	: 
PSQM,F_CC1,NSA,I10,RO	: 	119.4 	105.4 	98.8 	103.3 	94.1 	94.0 	103.2 	100.0 	122.2 	201.0 e	179.3 e	138.9 e	102.0 e	78.8 e	66.6 e	60.2 e	66.3 e	74.6 e	: 	: 	: 	: 	: 	: 	: 	: 
PSQM,F_CC1,NSA,I10,RS	: 	: 	170.0 	141.2 	85.6 	93.2 	111.0 	112.6 	100.0 	126.7 	151.8 	147.4 	136.1 e	128.2 e	133.5 e	134.6 e	93.3 e	72.5 e	68.8 e	: 	: 	: 	: 	: 	: 	: 	: 
PSQM,F_CC1,NSA,I10,SE	: 	: 	160.2 p	136.5 p	118.9 p	101.1 p	92.0 p	107.8 p	100.0 p	81.2 p	104.3 p	114.6 p	130.5 p	106.5 p	89.1 p	84.9 p	77.5 p	83.8 p	94.4 p	: 	: 	: 	: 	: 	: 	: 	: 
PSQM,F_CC1,NSA,I10,SI	: 	83.7 p	79.0 	59.7 	50.5 	65.8 	62.3 	81.7 	100.0 	105.5 	133.9 	171.6 	170.1 	126.4 	119.3 	106.2 	92.3 	92.7 	92.9 	104.2 	100.3 	: 	: 	: 	: 	: 	: 
PSQM,F_CC1,NSA,I10,SK	: 	: 	136.7 	97.5 	95.3 	91.8 	87.3 	91.4 	100.0 	121.9 	190.7 	156.6 	141.8 	129.2 	136.9 	80.5 	: 	: 	